Kennziffer;Raumeinheit;Aggregat;Beschäftigte am WO mit Berufsabschluss;Beschäftigte am WO mit Berufsabschluss;Beschäftigte am WO mit Berufsabschluss;Beschäftigte am WO mit Berufsabschluss
;;;2013;2017;2021;2023
"01001";"Flensburg, Stadt";"Kreise";"59,24";"58,11";"54,47";"52,74"
"01002";"Kiel, Landeshauptstadt";"Kreise";"55,43";"54,43";"51,80";"50,28"
"01003";"Lübeck, Hansestadt";"Kreise";"61,52";"61,65";"59,90";"58,43"
"01004";"Neumünster, Stadt";"Kreise";"64,86";"66,09";"65,23";"64,27"
"01051";"Dithmarschen";"Kreise";"67,64";"69,20";"69,38";"69,19"
"01053";"Herzogtum Lauenburg";"Kreise";"65,27";"67,15";"66,30";"65,44"
"01054";"Nordfriesland";"Kreise";"65,83";"68,11";"68,74";"68,21"
"01055";"Ostholstein";"Kreise";"68,06";"69,98";"69,59";"68,47"
"01056";"Pinneberg";"Kreise";"62,26";"63,25";"62,08";"60,88"
"01057";"Plön";"Kreise";"67,51";"68,89";"68,76";"67,67"
"01058";"Rendsburg-Eckernförde";"Kreise";"65,79";"67,65";"66,95";"66,20"
"01059";"Schleswig-Flensburg";"Kreise";"67,98";"69,32";"69,78";"69,18"
"01060";"Segeberg";"Kreise";"64,88";"66,82";"66,55";"65,53"
"01061";"Steinburg";"Kreise";"67,02";"69,06";"68,98";"68,51"
"01062";"Stormarn";"Kreise";"62,75";"63,73";"62,54";"61,49"
"02000";"Hamburg, Freie und Hansestadt";"Kreise";"48,74";"48,04";"45,91";"44,20"
"03101";"Braunschweig, Stadt";"Kreise";"53,16";"52,50";"49,90";"48,59"
"03102";"Salzgitter, Stadt";"Kreise";"65,58";"66,37";"64,50";"63,29"
"03103";"Wolfsburg, Stadt";"Kreise";"60,04";"60,33";"58,70";"57,43"
"03151";"Gifhorn";"Kreise";"65,19";"66,80";"66,38";"65,62"
"03153";"Goslar";"Kreise";"68,91";"69,98";"69,11";"68,59"
"03154";"Helmstedt";"Kreise";"68,75";"70,25";"69,88";"68,70"
"03155";"Northeim";"Kreise";"70,95";"71,99";"71,55";"70,39"
"03157";"Peine";"Kreise";"68,69";"69,76";"68,78";"67,36"
"03158";"Wolfenbüttel";"Kreise";"65,56";"66,08";"65,62";"64,77"
"03159";"Göttingen";"Kreise";"63,36";"63,00";"61,51";"60,01"
"03241";"Region Hannover";"Kreise";"59,66";"59,35";"57,24";"55,79"
"03251";"Diepholz";"Kreise";"67,08";"68,54";"68,52";"67,89"
"03252";"Hameln-Pyrmont";"Kreise";"66,91";"68,87";"67,95";"67,13"
"03254";"Hildesheim";"Kreise";"67,24";"68,32";"66,77";"65,68"
"03255";"Holzminden";"Kreise";"70,06";"71,15";"70,47";"69,89"
"03256";"Nienburg (Weser)";"Kreise";"68,10";"69,15";"69,37";"69,24"
"03257";"Schaumburg";"Kreise";"69,78";"70,94";"69,74";"68,88"
"03351";"Celle";"Kreise";"68,54";"69,97";"69,25";"68,11"
"03352";"Cuxhaven";"Kreise";"66,99";"69,18";"70,16";"70,07"
"03353";"Harburg";"Kreise";"64,75";"65,72";"64,94";"63,71"
"03354";"Lüchow-Dannenberg";"Kreise";"68,51";"69,86";"69,37";"68,49"
"03355";"Lüneburg";"Kreise";"62,57";"63,85";"62,37";"61,10"
"03356";"Osterholz";"Kreise";"65,26";"67,13";"67,54";"66,91"
"03357";"Rotenburg (Wümme)";"Kreise";"68,05";"70,27";"70,35";"69,83"
"03358";"Heidekreis";"Kreise";"69,29";"71,25";"70,71";"69,90"
"03359";"Stade";"Kreise";"65,47";"66,99";"67,00";"66,17"
"03360";"Uelzen";"Kreise";"68,54";"70,21";"70,36";"69,43"
"03361";"Verden";"Kreise";"65,65";"67,24";"66,56";"65,45"
"03401";"Delmenhorst, Stadt";"Kreise";"64,16";"65,12";"63,71";"62,08"
"03402";"Emden, Stadt";"Kreise";"64,44";"65,09";"64,69";"63,28"
"03403";"Oldenburg (Oldenburg), Stadt";"Kreise";"55,82";"55,90";"53,15";"51,85"
"03404";"Osnabrück, Stadt";"Kreise";"55,14";"54,73";"52,01";"50,61"
"03405";"Wilhelmshaven, Stadt";"Kreise";"64,70";"65,80";"64,13";"63,04"
"03451";"Ammerland";"Kreise";"65,54";"67,30";"67,25";"66,60"
"03452";"Aurich";"Kreise";"68,23";"69,39";"70,30";"70,07"
"03453";"Cloppenburg";"Kreise";"62,24";"63,20";"62,46";"62,27"
"03454";"Emsland";"Kreise";"69,86";"69,20";"67,91";"66,81"
"03455";"Friesland";"Kreise";"67,84";"69,99";"70,75";"70,64"
"03456";"Grafschaft Bentheim";"Kreise";"70,97";"71,96";"71,26";"70,25"
"03457";"Leer";"Kreise";"69,58";"71,17";"71,29";"70,57"
"03458";"Oldenburg";"Kreise";"64,94";"65,20";"64,66";"64,61"
"03459";"Osnabrück";"Kreise";"67,01";"67,90";"67,60";"66,62"
"03460";"Vechta";"Kreise";"62,73";"63,22";"62,55";"61,75"
"03461";"Wesermarsch";"Kreise";"69,40";"70,99";"70,96";"70,64"
"03462";"Wittmund";"Kreise";"66,23";"69,59";"71,04";"70,61"
"04011";"Bremen, Stadt";"Kreise";"52,51";"52,65";"50,41";"48,83"
"04012";"Bremerhaven, Stadt";"Kreise";"57,06";"58,01";"57,48";"56,67"
"05111";"Düsseldorf, Stadt";"Kreise";"45,13";"43,35";"40,63";"39,01"
"05112";"Duisburg, Stadt";"Kreise";"58,36";"58,44";"56,83";"55,58"
"05113";"Essen, Stadt";"Kreise";"54,74";"54,79";"52,66";"51,44"
"05114";"Krefeld, Stadt";"Kreise";"56,64";"57,09";"55,84";"54,79"
"05116";"Mönchengladbach, Stadt";"Kreise";"58,05";"58,43";"57,14";"55,79"
"05117";"Mülheim an der Ruhr, Stadt";"Kreise";"56,86";"57,48";"55,35";"53,97"
"05119";"Oberhausen, Stadt";"Kreise";"61,93";"63,83";"62,96";"62,17"
"05120";"Remscheid, Stadt";"Kreise";"61,35";"62,90";"62,26";"61,49"
"05122";"Solingen, Klingenstadt";"Kreise";"57,79";"59,57";"59,24";"58,54"
"05124";"Wuppertal, Stadt";"Kreise";"56,79";"56,85";"54,73";"53,53"
"05154";"Kleve";"Kreise";"63,80";"64,23";"64,33";"63,84"
"05158";"Mettmann";"Kreise";"58,56";"59,71";"58,89";"57,89"
"05162";"Rhein-Kreis Neuss";"Kreise";"58,44";"59,18";"57,82";"56,30"
"05166";"Viersen";"Kreise";"61,90";"63,22";"63,01";"62,31"
"05170";"Wesel";"Kreise";"64,68";"66,41";"66,16";"65,53"
"05314";"Bonn, Stadt";"Kreise";"40,92";"39,90";"37,44";"36,12"
"05315";"Köln, Stadt";"Kreise";"45,55";"44,98";"42,54";"41,21"
"05316";"Leverkusen, Stadt";"Kreise";"60,35";"60,91";"59,49";"58,04"
"05334";"Städteregion Aachen";"Kreise";"52,85";"52,85";"51,02";"49,94"
"05358";"Düren";"Kreise";"62,41";"63,72";"63,48";"62,52"
"05362";"Rhein-Erft-Kreis";"Kreise";"58,77";"59,48";"58,61";"57,37"
"05366";"Euskirchen";"Kreise";"63,80";"66,06";"66,48";"65,68"
"05370";"Heinsberg";"Kreise";"62,31";"64,30";"64,69";"64,22"
"05374";"Oberbergischer Kreis";"Kreise";"63,51";"65,65";"65,63";"65,09"
"05378";"Rheinisch-Bergischer Kreis";"Kreise";"59,22";"60,22";"59,04";"57,90"
"05382";"Rhein-Sieg-Kreis";"Kreise";"58,97";"60,14";"59,25";"58,34"
"05512";"Bottrop, Stadt";"Kreise";"63,35";"65,03";"64,29";"63,41"
"05513";"Gelsenkirchen, Stadt";"Kreise";"59,57";"60,47";"59,55";"58,46"
"05515";"Münster, Stadt";"Kreise";"49,95";"48,35";"45,64";"44,20"
"05554";"Borken";"Kreise";"68,50";"69,96";"69,63";"68,95"
"05558";"Coesfeld";"Kreise";"67,10";"68,12";"67,56";"66,75"
"05562";"Recklinghausen";"Kreise";"63,48";"64,50";"63,50";"62,80"
"05566";"Steinfurt";"Kreise";"66,84";"67,38";"66,12";"65,18"
"05570";"Warendorf";"Kreise";"66,85";"67,17";"65,98";"64,90"
"05711";"Bielefeld, Stadt";"Kreise";"54,10";"53,68";"51,14";"49,94"
"05754";"Gütersloh";"Kreise";"63,78";"62,63";"61,44";"60,53"
"05758";"Herford";"Kreise";"65,23";"66,20";"65,26";"64,31"
"05762";"Höxter";"Kreise";"69,47";"70,51";"70,28";"69,58"
"05766";"Lippe";"Kreise";"64,12";"65,54";"64,87";"64,37"
"05770";"Minden-Lübbecke";"Kreise";"65,98";"67,01";"66,23";"65,48"
"05774";"Paderborn";"Kreise";"61,41";"61,88";"60,96";"59,96"
"05911";"Bochum, Stadt";"Kreise";"55,99";"55,48";"52,67";"51,37"
"05913";"Dortmund, Stadt";"Kreise";"55,31";"54,77";"52,94";"51,70"
"05914";"Hagen, Stadt der FernUniversität";"Kreise";"59,28";"60,49";"58,79";"58,04"
"05915";"Hamm, Stadt";"Kreise";"61,95";"62,31";"60,82";"60,06"
"05916";"Herne, Stadt";"Kreise";"60,81";"61,23";"59,47";"58,49"
"05954";"Ennepe-Ruhr-Kreis";"Kreise";"62,12";"63,31";"62,28";"61,52"
"05958";"Hochsauerlandkreis";"Kreise";"65,09";"67,00";"67,07";"66,46"
"05962";"Märkischer Kreis";"Kreise";"61,53";"63,60";"63,95";"63,86"
"05966";"Olpe";"Kreise";"66,86";"68,64";"68,86";"68,07"
"05970";"Siegen-Wittgenstein";"Kreise";"65,89";"67,19";"66,45";"65,35"
"05974";"Soest";"Kreise";"64,02";"65,42";"65,01";"64,17"
"05978";"Unna";"Kreise";"62,71";"64,27";"63,91";"63,14"
"06411";"Darmstadt, Wissenschaftsstadt";"Kreise";"41,64";"38,74";"35,75";"34,34"
"06412";"Frankfurt am Main, Stadt";"Kreise";"38,91";"36,85";"34,38";"33,05"
"06413";"Offenbach am Main, Stadt";"Kreise";"46,74";"45,14";"43,42";"41,98"
"06414";"Wiesbaden, Landeshauptstadt";"Kreise";"49,54";"49,07";"47,14";"45,84"
"06431";"Bergstraße";"Kreise";"62,77";"62,48";"60,82";"59,72"
"06432";"Darmstadt-Dieburg";"Kreise";"59,71";"59,12";"57,79";"56,83"
"06433";"Groß-Gerau";"Kreise";"58,60";"57,85";"55,65";"54,13"
"06434";"Hochtaunuskreis";"Kreise";"52,80";"51,98";"49,47";"47,82"
"06435";"Main-Kinzig-Kreis";"Kreise";"62,61";"62,80";"61,92";"60,55"
"06436";"Main-Taunus-Kreis";"Kreise";"53,99";"52,61";"50,52";"49,12"
"06437";"Odenwaldkreis";"Kreise";"65,89";"66,01";"65,08";"64,29"
"06438";"Offenbach";"Kreise";"57,05";"56,22";"54,59";"53,17"
"06439";"Rheingau-Taunus-Kreis";"Kreise";"61,98";"61,79";"60,26";"58,79"
"06440";"Wetteraukreis";"Kreise";"62,39";"62,01";"59,89";"58,41"
"06531";"Gießen";"Kreise";"60,05";"59,30";"56,65";"55,51"
"06532";"Lahn-Dill-Kreis";"Kreise";"67,28";"68,45";"67,50";"66,61"
"06533";"Limburg-Weilburg";"Kreise";"66,65";"66,78";"65,25";"64,17"
"06534";"Marburg-Biedenkopf";"Kreise";"64,07";"63,42";"61,37";"60,48"
"06535";"Vogelsbergkreis";"Kreise";"70,18";"71,69";"70,91";"70,26"
"06611";"Kassel, documenta-Stadt";"Kreise";"54,36";"53,20";"50,53";"49,14"
"06631";"Fulda";"Kreise";"68,39";"68,31";"66,85";"65,04"
"06632";"Hersfeld-Rotenburg";"Kreise";"68,31";"69,48";"68,57";"67,66"
"06633";"Kassel";"Kreise";"71,92";"72,14";"70,89";"69,89"
"06634";"Schwalm-Eder-Kreis";"Kreise";"71,04";"72,23";"71,25";"70,57"
"06635";"Waldeck-Frankenberg";"Kreise";"70,49";"71,49";"71,18";"70,29"
"06636";"Werra-Meißner-Kreis";"Kreise";"72,96";"73,41";"72,44";"71,63"
"07111";"Koblenz, kreisfreie Stadt";"Kreise";"57,24";"56,63";"53,16";"50,99"
"07131";"Ahrweiler";"Kreise";"66,80";"67,04";"66,24";"65,40"
"07132";"Altenkirchen (Westerwald)";"Kreise";"69,85";"71,36";"71,27";"70,72"
"07133";"Bad Kreuznach";"Kreise";"65,36";"66,43";"65,50";"64,36"
"07134";"Birkenfeld";"Kreise";"69,84";"71,08";"70,77";"69,41"
"07135";"Cochem-Zell";"Kreise";"69,12";"71,70";"71,76";"70,64"
"07137";"Mayen-Koblenz";"Kreise";"68,37";"69,82";"68,84";"67,83"
"07138";"Neuwied";"Kreise";"66,97";"69,05";"67,68";"66,82"
"07140";"Rhein-Hunsrück-Kreis";"Kreise";"68,61";"69,56";"69,94";"67,93"
"07141";"Rhein-Lahn-Kreis";"Kreise";"69,33";"70,62";"69,14";"67,94"
"07143";"Westerwaldkreis";"Kreise";"69,93";"71,08";"70,07";"69,16"
"07211";"Trier, kreisfreie Stadt";"Kreise";"56,82";"56,59";"53,51";"51,97"
"07231";"Bernkastel-Wittlich";"Kreise";"68,72";"70,54";"69,04";"68,06"
"07232";"Eifelkreis Bitburg-Prüm";"Kreise";"67,83";"69,66";"69,01";"68,17"
"07233";"Vulkaneifel";"Kreise";"70,52";"72,54";"72,73";"71,91"
"07235";"Trier-Saarburg";"Kreise";"70,71";"71,59";"70,08";"68,57"
"07311";"Frankenthal (Pfalz), kreisfreie Stadt";"Kreise";"62,74";"63,15";"61,60";"59,97"
"07312";"Kaiserslautern, kreisfreie Stadt";"Kreise";"53,96";"54,30";"51,61";"49,69"
"07313";"Landau in der Pfalz, kreisfreie Stadt";"Kreise";"60,88";"59,20";"56,30";"54,63"
"07314";"Ludwigshafen am Rhein, kreisfreie Stadt";"Kreise";"57,32";"57,51";"55,35";"54,15"
"07315";"Mainz, kreisfreie Stadt";"Kreise";"45,09";"43,14";"39,42";"37,89"
"07316";"Neustadt an der Weinstraße, kreisfreie Stadt";"Kreise";"61,80";"60,29";"59,07";"57,54"
"07317";"Pirmasens, kreisfreie Stadt";"Kreise";"60,35";"62,57";"61,87";"60,73"
"07318";"Speyer, kreisfreie Stadt";"Kreise";"59,10";"60,28";"58,12";"57,28"
"07319";"Worms, kreisfreie Stadt";"Kreise";"58,26";"58,05";"56,44";"55,52"
"07320";"Zweibrücken, kreisfreie Stadt";"Kreise";"64,36";"65,49";"62,00";"61,31"
"07331";"Alzey-Worms";"Kreise";"65,67";"66,16";"64,96";"63,51"
"07332";"Bad Dürkheim";"Kreise";"64,91";"65,40";"64,45";"63,42"
"07333";"Donnersbergkreis";"Kreise";"66,75";"68,29";"68,20";"67,44"
"07334";"Germersheim";"Kreise";"66,71";"67,31";"66,47";"65,56"
"07335";"Kaiserslautern";"Kreise";"64,58";"66,33";"66,01";"65,14"
"07336";"Kusel";"Kreise";"70,99";"72,38";"72,32";"71,59"
"07337";"Südliche Weinstraße";"Kreise";"70,09";"69,95";"69,31";"67,84"
"07338";"Rhein-Pfalz-Kreis";"Kreise";"65,43";"65,79";"63,93";"63,12"
"07339";"Mainz-Bingen";"Kreise";"62,67";"62,52";"60,48";"58,98"
"07340";"Südwestpfalz";"Kreise";"70,12";"71,91";"72,00";"71,46"
"08111";"Stuttgart, Stadtkreis";"Kreise";"45,44";"42,67";"40,53";"39,55"
"08115";"Böblingen";"Kreise";"60,26";"58,68";"56,52";"55,09"
"08116";"Esslingen";"Kreise";"60,41";"59,24";"57,50";"56,35"
"08117";"Göppingen";"Kreise";"64,72";"65,38";"64,56";"63,86"
"08118";"Ludwigsburg";"Kreise";"60,03";"59,15";"57,38";"56,28"
"08119";"Rems-Murr-Kreis";"Kreise";"62,65";"62,54";"61,39";"60,34"
"08121";"Heilbronn, Stadtkreis";"Kreise";"57,98";"56,76";"54,59";"53,16"
"08125";"Heilbronn";"Kreise";"67,13";"66,53";"65,39";"64,31"
"08126";"Hohenlohekreis";"Kreise";"67,59";"67,87";"66,97";"66,25"
"08127";"Schwäbisch Hall";"Kreise";"66,50";"66,73";"65,84";"65,04"
"08128";"Main-Tauber-Kreis";"Kreise";"70,37";"70,77";"69,45";"68,40"
"08135";"Heidenheim";"Kreise";"66,40";"66,26";"65,19";"63,50"
"08136";"Ostalbkreis";"Kreise";"67,78";"67,77";"66,37";"65,38"
"08211";"Baden-Baden, Stadtkreis";"Kreise";"60,38";"59,44";"57,59";"55,94"
"08212";"Karlsruhe, Stadtkreis";"Kreise";"49,00";"46,89";"44,11";"43,04"
"08215";"Karlsruhe";"Kreise";"63,60";"63,60";"62,09";"60,79"
"08216";"Rastatt";"Kreise";"68,39";"68,06";"67,09";"66,00"
"08221";"Heidelberg, Stadtkreis";"Kreise";"38,38";"35,78";"32,69";"31,74"
"08222";"Mannheim, Stadtkreis";"Kreise";"51,06";"50,24";"47,97";"46,55"
"08225";"Neckar-Odenwald-Kreis";"Kreise";"69,58";"69,92";"69,24";"68,67"
"08226";"Rhein-Neckar-Kreis";"Kreise";"60,82";"60,71";"59,09";"57,78"
"08231";"Pforzheim, Stadtkreis";"Kreise";"59,33";"58,52";"55,71";"54,93"
"08235";"Calw";"Kreise";"68,77";"68,42";"67,36";"66,13"
"08236";"Enzkreis";"Kreise";"68,76";"68,45";"67,29";"66,24"
"08237";"Freudenstadt";"Kreise";"68,62";"69,54";"68,74";"67,45"
"08311";"Freiburg im Breisgau, Stadtkreis";"Kreise";"47,77";"45,33";"42,33";"40,63"
"08315";"Breisgau-Hochschwarzwald";"Kreise";"66,18";"65,22";"63,47";"62,01"
"08316";"Emmendingen";"Kreise";"67,21";"67,33";"65,82";"64,09"
"08317";"Ortenaukreis";"Kreise";"68,50";"68,87";"67,63";"66,27"
"08325";"Rottweil";"Kreise";"66,49";"67,55";"67,27";"67,26"
"08326";"Schwarzwald-Baar-Kreis";"Kreise";"65,98";"66,14";"65,47";"64,19"
"08327";"Tuttlingen";"Kreise";"65,99";"65,97";"65,14";"63,94"
"08335";"Konstanz";"Kreise";"60,73";"60,42";"58,60";"57,31"
"08336";"Lörrach";"Kreise";"64,36";"64,57";"64,11";"62,73"
"08337";"Waldshut";"Kreise";"67,05";"67,70";"67,13";"65,82"
"08415";"Reutlingen";"Kreise";"62,70";"62,65";"61,58";"60,64"
"08416";"Tübingen";"Kreise";"55,90";"54,32";"51,77";"50,74"
"08417";"Zollernalbkreis";"Kreise";"66,50";"67,82";"67,62";"66,71"
"08421";"Ulm, Stadtkreis";"Kreise";"52,46";"50,76";"47,96";"46,44"
"08425";"Alb-Donau-Kreis";"Kreise";"66,88";"66,83";"65,83";"65,08"
"08426";"Biberach";"Kreise";"68,41";"68,63";"67,63";"66,59"
"08435";"Bodenseekreis";"Kreise";"61,70";"61,50";"59,89";"58,63"
"08436";"Ravensburg";"Kreise";"65,55";"65,85";"64,93";"63,92"
"08437";"Sigmaringen";"Kreise";"66,90";"68,75";"68,74";"68,06"
"09161";"Ingolstadt";"Kreise";"56,15";"55,03";"53,17";"51,26"
"09162";"München, Landeshauptstadt";"Kreise";"41,50";"39,50";"37,28";"35,20"
"09163";"Rosenheim, Stadt";"Kreise";"58,72";"58,70";"56,70";"55,73"
"09171";"Altötting";"Kreise";"69,89";"71,41";"71,10";"70,05"
"09172";"Berchtesgadener Land";"Kreise";"69,78";"70,38";"70,32";"69,02"
"09173";"Bad Tölz-Wolfratshausen";"Kreise";"63,69";"64,13";"63,11";"61,86"
"09174";"Dachau";"Kreise";"60,21";"60,14";"58,47";"57,38"
"09175";"Ebersberg";"Kreise";"58,67";"57,98";"55,96";"54,50"
"09176";"Eichstätt";"Kreise";"69,04";"68,55";"67,81";"66,62"
"09177";"Erding";"Kreise";"67,28";"67,51";"66,03";"64,92"
"09178";"Freising";"Kreise";"59,41";"58,78";"56,96";"55,28"
"09179";"Fürstenfeldbruck";"Kreise";"59,47";"58,89";"56,23";"54,57"
"09180";"Garmisch-Partenkirchen";"Kreise";"67,04";"68,00";"66,75";"65,16"
"09181";"Landsberg am Lech";"Kreise";"64,90";"65,13";"63,64";"62,32"
"09182";"Miesbach";"Kreise";"63,72";"63,70";"61,91";"60,28"
"09183";"Mühldorf a.Inn";"Kreise";"70,22";"69,87";"69,44";"68,19"
"09184";"München";"Kreise";"51,83";"50,41";"47,37";"45,42"
"09185";"Neuburg-Schrobenhausen";"Kreise";"70,58";"70,33";"70,42";"69,53"
"09186";"Pfaffenhofen a.d.Ilm";"Kreise";"67,92";"67,30";"66,18";"64,88"
"09187";"Rosenheim";"Kreise";"66,98";"67,77";"66,98";"66,02"
"09188";"Starnberg";"Kreise";"52,78";"51,73";"48,86";"46,96"
"09189";"Traunstein";"Kreise";"70,44";"70,80";"70,24";"69,36"
"09190";"Weilheim-Schongau";"Kreise";"67,88";"69,07";"67,82";"66,90"
"09261";"Landshut, Stadt";"Kreise";"58,15";"57,89";"56,10";"53,26"
"09262";"Passau, Stadt";"Kreise";"60,97";"59,61";"56,92";"55,01"
"09263";"Straubing";"Kreise";"65,08";"64,24";"61,91";"58,81"
"09271";"Deggendorf";"Kreise";"71,74";"72,15";"71,65";"70,58"
"09272";"Freyung-Grafenau";"Kreise";"74,53";"76,21";"77,19";"77,45"
"09273";"Kelheim";"Kreise";"70,56";"70,73";"69,73";"68,41"
"09274";"Landshut";"Kreise";"70,32";"70,55";"70,34";"69,31"
"09275";"Passau";"Kreise";"72,31";"73,94";"74,29";"73,52"
"09276";"Regen";"Kreise";"75,51";"77,15";"77,23";"76,61"
"09277";"Rottal-Inn";"Kreise";"71,54";"73,32";"73,19";"71,73"
"09278";"Straubing-Bogen";"Kreise";"73,58";"73,33";"73,14";"71,66"
"09279";"Dingolfing-Landau";"Kreise";"69,14";"68,74";"69,30";"67,93"
"09361";"Amberg";"Kreise";"65,40";"67,23";"65,85";"65,13"
"09362";"Regensburg, Stadt";"Kreise";"49,55";"48,69";"45,98";"44,67"
"09363";"Weiden i.d.OPf.";"Kreise";"63,98";"65,60";"64,74";"63,83"
"09371";"Amberg-Sulzbach";"Kreise";"72,90";"74,20";"74,28";"73,56"
"09372";"Cham";"Kreise";"74,39";"75,42";"75,72";"74,93"
"09373";"Neumarkt i.d.OPf.";"Kreise";"71,30";"72,41";"71,68";"70,67"
"09374";"Neustadt a.d.Waldnaab";"Kreise";"70,30";"72,78";"73,80";"73,31"
"09375";"Regensburg";"Kreise";"68,71";"68,96";"67,66";"66,39"
"09376";"Schwandorf";"Kreise";"71,79";"73,17";"72,91";"71,99"
"09377";"Tirschenreuth";"Kreise";"75,13";"77,42";"77,74";"76,85"
"09461";"Bamberg, Stadt";"Kreise";"56,39";"54,46";"50,94";"49,11"
"09462";"Bayreuth, Stadt";"Kreise";"59,32";"59,17";"55,99";"54,21"
"09463";"Coburg, Stadt";"Kreise";"61,95";"61,36";"59,45";"58,59"
"09464";"Hof, Stadt";"Kreise";"65,29";"66,15";"63,93";"62,00"
"09471";"Bamberg";"Kreise";"73,47";"74,25";"73,27";"72,61"
"09472";"Bayreuth";"Kreise";"75,15";"76,54";"76,03";"75,18"
"09473";"Coburg";"Kreise";"74,67";"75,90";"75,44";"74,78"
"09474";"Forchheim";"Kreise";"67,65";"68,66";"67,79";"66,59"
"09475";"Hof";"Kreise";"75,59";"76,77";"76,31";"75,56"
"09476";"Kronach";"Kreise";"73,26";"74,55";"74,97";"74,36"
"09477";"Kulmbach";"Kreise";"74,44";"75,46";"74,42";"73,50"
"09478";"Lichtenfels";"Kreise";"72,78";"74,54";"73,83";"72,72"
"09479";"Wunsiedel i.Fichtelgebirge";"Kreise";"71,09";"72,86";"73,11";"72,04"
"09561";"Ansbach, Stadt";"Kreise";"62,40";"64,28";"62,86";"61,79"
"09562";"Erlangen";"Kreise";"45,18";"44,29";"40,93";"39,13"
"09563";"Fürth, Stadt";"Kreise";"56,96";"57,30";"55,79";"54,40"
"09564";"Nürnberg";"Kreise";"52,60";"52,43";"50,31";"48,74"
"09565";"Schwabach";"Kreise";"63,69";"64,80";"63,59";"62,53"
"09571";"Ansbach";"Kreise";"70,77";"71,90";"71,24";"70,54"
"09572";"Erlangen-Höchstadt";"Kreise";"62,32";"62,12";"60,99";"59,40"
"09573";"Fürth";"Kreise";"66,93";"67,89";"66,66";"65,79"
"09574";"Nürnberger Land";"Kreise";"67,05";"67,43";"65,99";"65,27"
"09575";"Neustadt a.d.Aisch-Bad Windsheim";"Kreise";"69,47";"71,20";"70,53";"69,62"
"09576";"Roth";"Kreise";"70,17";"71,28";"70,59";"69,88"
"09577";"Weißenburg-Gunzenhausen";"Kreise";"72,05";"73,05";"72,57";"71,38"
"09661";"Aschaffenburg, Stadt";"Kreise";"57,94";"58,60";"56,53";"54,88"
"09662";"Schweinfurt, Stadt";"Kreise";"58,00";"60,64";"59,01";"57,40"
"09663";"Würzburg, Stadt";"Kreise";"53,17";"51,68";"48,54";"47,07"
"09671";"Aschaffenburg";"Kreise";"67,58";"68,87";"68,09";"66,74"
"09672";"Bad Kissingen";"Kreise";"72,45";"73,95";"73,42";"72,11"
"09673";"Rhön-Grabfeld";"Kreise";"73,37";"74,66";"74,46";"73,34"
"09674";"Haßberge";"Kreise";"74,17";"75,94";"76,13";"75,63"
"09675";"Kitzingen";"Kreise";"69,63";"70,30";"68,73";"67,44"
"09676";"Miltenberg";"Kreise";"68,63";"70,14";"69,48";"68,90"
"09677";"Main-Spessart";"Kreise";"71,94";"72,70";"72,47";"71,68"
"09678";"Schweinfurt";"Kreise";"70,24";"72,33";"72,17";"71,55"
"09679";"Würzburg";"Kreise";"70,59";"70,43";"68,50";"66,83"
"09761";"Augsburg, Stadt";"Kreise";"55,28";"54,99";"52,73";"51,24"
"09762";"Kaufbeuren";"Kreise";"65,60";"67,64";"66,29";"64,72"
"09763";"Kempten (Allgäu)";"Kreise";"64,09";"64,97";"61,92";"60,20"
"09764";"Memmingen";"Kreise";"65,17";"65,31";"64,06";"62,64"
"09771";"Aichach-Friedberg";"Kreise";"68,36";"69,17";"68,46";"66,99"
"09772";"Augsburg";"Kreise";"67,94";"69,02";"68,04";"66,97"
"09773";"Dillingen a.d.Donau";"Kreise";"70,34";"72,11";"71,69";"71,20"
"09774";"Günzburg";"Kreise";"68,57";"69,30";"68,81";"67,39"
"09775";"Neu-Ulm";"Kreise";"65,63";"65,73";"64,17";"62,49"
"09776";"Lindau (Bodensee)";"Kreise";"67,30";"67,00";"66,29";"64,67"
"09777";"Ostallgäu";"Kreise";"73,10";"73,69";"72,63";"71,67"
"09778";"Unterallgäu";"Kreise";"72,68";"73,26";"72,52";"71,41"
"09779";"Donau-Ries";"Kreise";"71,20";"72,10";"71,61";"71,01"
"09780";"Oberallgäu";"Kreise";"72,22";"72,67";"71,21";"70,29"
"10041";"Regionalverband Saarbrücken";"Kreise";"60,53";"60,95";"59,34";"58,11"
"10042";"Merzig-Wadern";"Kreise";"68,91";"70,26";"69,92";"68,73"
"10043";"Neunkirchen";"Kreise";"66,99";"68,27";"67,63";"66,66"
"10044";"Saarlouis";"Kreise";"67,64";"69,00";"68,79";"68,07"
"10045";"Saarpfalz-Kreis";"Kreise";"65,15";"65,97";"64,60";"63,49"
"10046";"St. Wendel";"Kreise";"70,70";"71,30";"70,77";"69,98"
"11000";"Berlin, Stadt";"Kreise";"48,13";"46,48";"42,75";"40,23"
"12051";"Brandenburg an der Havel, Stadt";"Kreise";"70,44";"72,20";"70,23";"68,34"
"12052";"Cottbus, Stadt";"Kreise";"64,95";"65,85";"64,32";"62,90"
"12053";"Frankfurt (Oder), Stadt";"Kreise";"65,39";"67,03";"65,91";"64,11"
"12054";"Potsdam, Stadt";"Kreise";"55,92";"55,30";"51,10";"48,97"
"12060";"Barnim";"Kreise";"67,75";"69,58";"68,45";"66,97"
"12061";"Dahme-Spreewald";"Kreise";"67,74";"68,99";"68,07";"66,22"
"12062";"Elbe-Elster";"Kreise";"77,04";"78,98";"79,14";"78,28"
"12063";"Havelland";"Kreise";"68,52";"69,92";"68,62";"66,70"
"12064";"Märkisch-Oderland";"Kreise";"68,91";"71,34";"70,91";"70,21"
"12065";"Oberhavel";"Kreise";"66,89";"68,90";"68,19";"66,75"
"12066";"Oberspreewald-Lausitz";"Kreise";"73,11";"75,04";"75,01";"74,65"
"12067";"Oder-Spree";"Kreise";"70,60";"72,20";"71,29";"70,35"
"12068";"Ostprignitz-Ruppin";"Kreise";"72,35";"75,03";"74,68";"73,30"
"12069";"Potsdam-Mittelmark";"Kreise";"65,98";"66,29";"65,12";"63,61"
"12070";"Prignitz";"Kreise";"74,74";"76,65";"75,87";"74,57"
"12071";"Spree-Neiße";"Kreise";"72,28";"74,36";"74,78";"74,39"
"12072";"Teltow-Fläming";"Kreise";"69,97";"71,60";"70,71";"68,84"
"12073";"Uckermark";"Kreise";"73,53";"75,37";"74,94";"74,25"
"13003";"Rostock";"Kreise";"61,91";"62,79";"60,96";"59,81"
"13004";"Schwerin";"Kreise";"65,07";"66,20";"64,37";"62,84"
"13071";"Mecklenburgische Seenplatte";"Kreise";"72,13";"74,46";"74,26";"73,46"
"13072";"Landkreis Rostock";"Kreise";"70,86";"72,76";"72,69";"71,52"
"13073";"Vorpommern-Rügen";"Kreise";"72,86";"74,52";"73,95";"72,88"
"13074";"Nordwestmecklenburg";"Kreise";"70,33";"72,60";"72,67";"72,00"
"13075";"Vorpommern-Greifswald";"Kreise";"70,39";"71,28";"70,62";"69,53"
"13076";"Ludwigslust-Parchim";"Kreise";"70,53";"72,48";"72,89";"72,87"
"14511";"Chemnitz, Stadt";"Kreise";"66,37";"66,25";"64,58";"63,51"
"14521";"Erzgebirgskreis";"Kreise";"77,44";"78,92";"78,97";"78,29"
"14522";"Mittelsachsen";"Kreise";"74,45";"76,18";"75,89";"75,01"
"14523";"Vogtlandkreis";"Kreise";"74,91";"76,69";"76,34";"75,62"
"14524";"Zwickau";"Kreise";"74,39";"75,82";"75,25";"74,14"
"14612";"Dresden, Stadt";"Kreise";"57,25";"56,47";"53,93";"52,27"
"14625";"Bautzen";"Kreise";"72,88";"74,76";"75,09";"74,55"
"14626";"Görlitz";"Kreise";"72,94";"74,56";"74,70";"74,11"
"14627";"Meißen";"Kreise";"71,80";"73,19";"72,98";"72,16"
"14628";"Sächsische Schweiz-Osterzgebirge";"Kreise";"73,37";"75,03";"74,63";"74,05"
"14713";"Leipzig, Stadt";"Kreise";"57,38";"57,06";"53,95";"51,67"
"14729";"Leipzig";"Kreise";"71,49";"73,10";"72,73";"71,78"
"14730";"Nordsachsen";"Kreise";"73,41";"75,19";"74,71";"73,66"
"15001";"Dessau-Roßlau, Stadt";"Kreise";"71,00";"72,67";"72,34";"71,14"
"15002";"Halle (Saale), Stadt";"Kreise";"62,41";"62,24";"58,99";"57,34"
"15003";"Magdeburg, Landeshauptstadt";"Kreise";"62,53";"63,02";"60,66";"58,97"
"15081";"Altmarkkreis Salzwedel";"Kreise";"75,05";"77,66";"77,56";"76,95"
"15082";"Anhalt-Bitterfeld";"Kreise";"73,58";"75,84";"75,99";"75,09"
"15083";"Börde";"Kreise";"74,17";"76,45";"76,72";"75,84"
"15084";"Burgenlandkreis";"Kreise";"75,44";"75,78";"75,30";"75,21"
"15085";"Harz";"Kreise";"74,05";"76,14";"76,38";"75,86"
"15086";"Jerichower Land";"Kreise";"73,10";"75,49";"75,31";"74,39"
"15087";"Mansfeld-Südharz";"Kreise";"76,59";"78,92";"79,50";"79,06"
"15088";"Saalekreis";"Kreise";"72,98";"75,25";"75,60";"75,07"
"15089";"Salzlandkreis";"Kreise";"73,69";"76,68";"76,98";"76,80"
"15090";"Stendal";"Kreise";"74,27";"76,77";"76,83";"76,32"
"15091";"Wittenberg";"Kreise";"76,64";"78,63";"78,21";"77,31"
"16051";"Erfurt, Stadt";"Kreise";"63,49";"63,59";"61,05";"59,17"
"16052";"Gera, Stadt";"Kreise";"72,71";"74,86";"72,96";"70,98"
"16053";"Jena, Stadt";"Kreise";"53,40";"51,31";"47,04";"45,41"
"16054";"Suhl, Stadt";"Kreise";"72,05";"74,09";"73,53";"71,51"
"16055";"Weimar, Stadt";"Kreise";"60,45";"59,81";"56,87";"55,21"
"16061";"Eichsfeld";"Kreise";"78,77";"79,87";"79,75";"78,93"
"16062";"Nordhausen";"Kreise";"73,19";"75,76";"75,78";"75,21"
"16063";"Wartburgkreis";"Kreise";"75,54";"77,46";"76,74";"75,48"
"16064";"Unstrut-Hainich-Kreis";"Kreise";"77,03";"78,77";"78,69";"77,25"
"16065";"Kyffhäuserkreis";"Kreise";"75,69";"78,72";"79,80";"78,78"
"16066";"Schmalkalden-Meiningen";"Kreise";"76,15";"77,85";"77,56";"76,24"
"16067";"Gotha";"Kreise";"75,21";"76,43";"74,92";"73,52"
"16068";"Sömmerda";"Kreise";"75,50";"77,67";"78,65";"77,58"
"16069";"Hildburghausen";"Kreise";"80,90";"81,81";"80,47";"79,23"
"16070";"Ilm-Kreis";"Kreise";"72,68";"72,56";"70,54";"68,66"
"16071";"Weimarer Land";"Kreise";"74,89";"75,58";"75,30";"74,07"
"16072";"Sonneberg";"Kreise";"76,92";"78,22";"76,86";"74,82"
"16073";"Saalfeld-Rudolstadt";"Kreise";"76,02";"77,62";"77,37";"76,52"
"16074";"Saale-Holzland-Kreis";"Kreise";"74,37";"75,60";"74,99";"73,14"
"16075";"Saale-Orla-Kreis";"Kreise";"78,90";"80,42";"79,34";"78,44"
"16076";"Greiz";"Kreise";"77,40";"78,99";"79,15";"78,20"
"16077";"Altenburger Land";"Kreise";"76,23";"78,15";"78,41";"76,48"
