Kennziffer;Raumeinheit;Aggregat;Monatliches Haushaltseinkommen;Monatliches Haushaltseinkommen;Monatliches Haushaltseinkommen;Monatliches Haushaltseinkommen;Monatliches Haushaltseinkommen;Monatliches Haushaltseinkommen;Monatliches Haushaltseinkommen;Monatliches Haushaltseinkommen
;;;2000;2002;2005;2009;2013;2017;2021;2022
"01001";"Flensburg, Stadt";"Kreise";"1.178,74";"1.200,55";"1.269,74";"1.346,54";"1.493,48";"1.531,61";"1.644,92";"1.680,57"
"01002";"Kiel, Landeshauptstadt";"Kreise";"1.187,00";"1.225,67";"1.293,39";"1.364,78";"1.486,06";"1.565,91";"1.787,17";"1.849,88"
"01003";"Lübeck, Hansestadt";"Kreise";"1.205,55";"1.266,73";"1.378,74";"1.424,41";"1.489,36";"1.660,43";"1.855,25";"1.948,54"
"01004";"Neumünster, Stadt";"Kreise";"1.237,31";"1.273,20";"1.296,05";"1.358,52";"1.448,35";"1.565,00";"1.763,37";"1.879,32"
"01051";"Dithmarschen";"Kreise";"1.165,73";"1.220,31";"1.335,31";"1.436,27";"1.623,89";"1.886,64";"2.066,33";"2.255,53"
"01053";"Herzogtum Lauenburg";"Kreise";"1.393,37";"1.434,62";"1.528,24";"1.641,95";"1.760,47";"2.193,80";"2.137,43";"2.249,14"
"01054";"Nordfriesland";"Kreise";"1.204,18";"1.243,35";"1.376,40";"1.562,07";"1.800,59";"2.115,10";"2.324,97";"2.535,42"
"01055";"Ostholstein";"Kreise";"1.254,31";"1.302,39";"1.418,05";"1.496,63";"1.689,29";"1.903,19";"2.145,59";"2.310,18"
"01056";"Pinneberg";"Kreise";"1.484,32";"1.522,17";"1.598,72";"1.689,17";"1.868,28";"2.002,53";"2.208,85";"2.337,11"
"01057";"Plön";"Kreise";"1.233,65";"1.292,71";"1.370,14";"1.451,19";"1.704,02";"1.873,67";"2.137,44";"2.266,09"
"01058";"Rendsburg-Eckernförde";"Kreise";"1.288,08";"1.344,70";"1.441,07";"1.547,97";"1.737,93";"1.918,17";"2.141,46";"2.293,81"
"01059";"Schleswig-Flensburg";"Kreise";"1.191,56";"1.238,25";"1.365,24";"1.463,68";"1.642,17";"1.855,51";"2.015,48";"2.147,49"
"01060";"Segeberg";"Kreise";"1.401,20";"1.433,81";"1.504,69";"1.612,23";"1.750,22";"1.891,20";"2.089,69";"2.230,63"
"01061";"Steinburg";"Kreise";"1.222,30";"1.263,25";"1.361,96";"1.462,33";"1.628,43";"1.783,53";"2.002,42";"2.123,85"
"01062";"Stormarn";"Kreise";"1.586,88";"1.649,03";"1.763,16";"1.812,16";"1.911,14";"2.076,76";"2.326,14";"2.481,93"
"02000";"Hamburg, Freie und Hansestadt";"Kreise";"1.459,73";"1.524,89";"1.697,60";"1.659,47";"1.890,91";"2.005,43";"2.168,34";"2.341,93"
"03101";"Braunschweig, Stadt";"Kreise";"1.315,31";"1.371,44";"1.433,99";"1.492,93";"1.660,38";"1.828,24";"2.018,60";"2.074,48"
"03102";"Salzgitter, Stadt";"Kreise";"1.218,47";"1.259,80";"1.300,83";"1.391,85";"1.561,83";"1.600,36";"1.743,13";"1.793,42"
"03103";"Wolfsburg, Stadt";"Kreise";"1.359,50";"1.439,25";"1.520,29";"1.596,30";"1.873,87";"1.977,08";"2.158,84";"2.169,76"
"03151";"Gifhorn";"Kreise";"1.247,90";"1.303,04";"1.364,26";"1.494,45";"1.782,95";"1.900,61";"2.100,03";"2.259,13"
"03153";"Goslar";"Kreise";"1.231,42";"1.277,76";"1.347,72";"1.426,66";"1.566,90";"1.711,50";"1.904,44";"2.102,61"
"03154";"Helmstedt";"Kreise";"1.297,14";"1.350,51";"1.401,49";"1.509,29";"1.743,29";"1.872,48";"2.079,71";"2.198,25"
"03155";"Northeim";"Kreise";"1.231,89";"1.279,26";"1.340,18";"1.449,16";"1.619,77";"1.793,30";"2.016,81";"2.232,01"
"03157";"Peine";"Kreise";"1.264,72";"1.311,95";"1.359,28";"1.462,20";"1.642,54";"1.793,26";"1.969,79";"2.082,25"
"03158";"Wolfenbüttel";"Kreise";"1.256,15";"1.289,71";"1.345,89";"1.458,86";"1.670,27";"1.814,85";"2.025,39";"2.148,68"
"03159";"Göttingen";"Kreise";"1.165,60";"1.232,47";"1.293,89";"1.352,10";"1.560,40";"1.702,65";"1.894,76";"1.976,99"
"03241";"Region Hannover";"Kreise";"1.313,51";"1.350,91";"1.400,77";"1.492,27";"1.632,59";"1.762,98";"1.927,05";"2.063,45"
"03251";"Diepholz";"Kreise";"1.296,25";"1.337,20";"1.423,63";"1.523,32";"1.735,03";"1.920,01";"2.087,86";"2.244,45"
"03252";"Hameln-Pyrmont";"Kreise";"1.268,01";"1.302,92";"1.353,45";"1.460,02";"1.643,82";"1.796,42";"1.960,96";"2.039,86"
"03254";"Hildesheim";"Kreise";"1.260,38";"1.304,61";"1.353,17";"1.435,63";"1.582,69";"1.739,90";"1.928,96";"2.085,11"
"03255";"Holzminden";"Kreise";"1.255,61";"1.293,28";"1.339,97";"1.461,04";"1.580,20";"1.715,66";"1.911,13";"2.128,56"
"03256";"Nienburg (Weser)";"Kreise";"1.199,52";"1.232,58";"1.299,38";"1.401,03";"1.589,68";"1.736,48";"1.910,94";"2.057,08"
"03257";"Schaumburg";"Kreise";"1.276,58";"1.326,99";"1.369,80";"1.460,80";"1.638,85";"1.783,76";"1.970,89";"2.103,54"
"03351";"Celle";"Kreise";"1.200,37";"1.202,28";"1.198,18";"1.402,78";"1.567,67";"1.695,79";"1.861,57";"2.055,84"
"03352";"Cuxhaven";"Kreise";"1.189,71";"1.230,17";"1.312,45";"1.449,99";"1.624,76";"1.832,10";"1.969,68";"2.122,72"
"03353";"Harburg";"Kreise";"1.466,18";"1.548,63";"1.665,20";"1.734,05";"1.920,66";"2.082,66";"2.268,85";"2.372,87"
"03354";"Lüchow-Dannenberg";"Kreise";"1.125,85";"1.175,91";"1.269,87";"1.364,02";"1.527,56";"1.706,54";"1.862,59";"2.076,28"
"03355";"Lüneburg";"Kreise";"1.185,75";"1.238,23";"1.307,33";"1.401,25";"1.554,61";"1.738,05";"1.910,17";"2.113,24"
"03356";"Osterholz";"Kreise";"1.299,57";"1.349,77";"1.415,72";"1.516,83";"1.685,19";"1.879,89";"2.045,98";"2.207,10"
"03357";"Rotenburg (Wümme)";"Kreise";"1.207,01";"1.248,08";"1.336,70";"1.453,93";"1.673,25";"1.853,79";"2.028,20";"2.205,73"
"03358";"Heidekreis";"Kreise";"1.185,54";"1.230,23";"1.293,40";"1.390,36";"1.579,22";"1.735,55";"1.866,80";"1.980,70"
"03359";"Stade";"Kreise";"1.308,74";"1.359,35";"1.439,61";"1.541,60";"1.706,90";"1.879,20";"2.044,95";"2.192,49"
"03360";"Uelzen";"Kreise";"1.176,47";"1.217,70";"1.280,27";"1.396,70";"1.610,23";"1.727,05";"1.917,05";"2.099,64"
"03361";"Verden";"Kreise";"1.358,70";"1.411,88";"1.503,08";"1.636,45";"1.786,30";"1.916,34";"2.065,24";"2.230,79"
"03401";"Delmenhorst, Stadt";"Kreise";"1.239,90";"1.281,63";"1.322,14";"1.388,56";"1.474,63";"1.568,98";"1.705,59";"1.708,13"
"03402";"Emden, Stadt";"Kreise";"1.140,31";"1.184,20";"1.239,63";"1.310,66";"1.432,61";"1.523,28";"1.671,75";"1.754,45"
"03403";"Oldenburg (Oldenburg), Stadt";"Kreise";"1.174,60";"1.218,47";"1.304,03";"1.393,15";"1.495,63";"1.638,87";"1.819,24";"1.883,03"
"03404";"Osnabrück, Stadt";"Kreise";"1.220,43";"1.271,98";"1.361,13";"1.441,78";"1.636,19";"1.731,05";"1.880,02";"1.993,06"
"03405";"Wilhelmshaven, Stadt";"Kreise";"1.098,21";"1.138,21";"1.182,33";"1.240,16";"1.388,03";"1.503,98";"1.653,79";"1.704,48"
"03451";"Ammerland";"Kreise";"1.218,95";"1.276,30";"1.374,40";"1.500,20";"1.658,63";"1.826,11";"1.983,87";"2.138,95"
"03452";"Aurich";"Kreise";"1.089,87";"1.122,49";"1.181,99";"1.313,65";"1.487,48";"1.677,80";"1.855,00";"2.012,77"
"03453";"Cloppenburg";"Kreise";"1.104,28";"1.157,86";"1.234,60";"1.360,52";"1.553,51";"1.759,33";"1.865,14";"2.037,31"
"03454";"Emsland";"Kreise";"1.100,88";"1.143,59";"1.230,80";"1.372,45";"1.570,22";"1.780,22";"1.946,82";"2.129,96"
"03455";"Friesland";"Kreise";"1.151,13";"1.183,83";"1.239,95";"1.351,35";"1.558,69";"1.730,19";"1.911,96";"2.015,33"
"03456";"Grafschaft Bentheim";"Kreise";"1.144,26";"1.153,69";"1.202,09";"1.303,03";"1.499,04";"1.678,78";"1.863,83";"1.961,68"
"03457";"Leer";"Kreise";"1.065,73";"1.100,19";"1.180,63";"1.284,11";"1.418,72";"1.604,95";"1.773,61";"1.942,24"
"03458";"Oldenburg";"Kreise";"1.214,69";"1.269,57";"1.364,01";"1.498,82";"1.726,78";"1.906,41";"2.061,67";"2.247,78"
"03459";"Osnabrück";"Kreise";"1.242,15";"1.303,81";"1.395,18";"1.498,95";"1.692,01";"1.872,82";"2.020,34";"2.207,84"
"03460";"Vechta";"Kreise";"1.233,18";"1.293,15";"1.418,11";"1.520,68";"1.706,67";"1.899,48";"2.013,88";"2.200,95"
"03461";"Wesermarsch";"Kreise";"1.188,25";"1.226,58";"1.307,02";"1.426,66";"1.614,15";"1.774,84";"1.947,80";"2.062,18"
"03462";"Wittmund";"Kreise";"1.086,89";"1.126,13";"1.227,79";"1.339,63";"1.548,19";"1.748,72";"1.899,07";"2.127,30"
"04011";"Bremen, Stadt";"Kreise";"1.350,92";"1.411,22";"1.490,80";"1.569,02";"1.661,60";"1.787,81";"1.937,66";"2.009,20"
"04012";"Bremerhaven, Stadt";"Kreise";"1.223,67";"1.141,14";"1.203,71";"1.298,08";"1.415,45";"1.462,13";"1.615,84";"1.608,44"
"05111";"Düsseldorf, Stadt";"Kreise";"1.617,20";"1.648,99";"1.752,28";"1.769,37";"1.942,39";"2.136,67";"2.334,50";"2.485,53"
"05112";"Duisburg, Stadt";"Kreise";"1.112,12";"1.156,08";"1.188,37";"1.224,01";"1.309,68";"1.386,62";"1.563,12";"1.600,81"
"05113";"Essen, Stadt";"Kreise";"1.359,58";"1.394,58";"1.429,18";"1.461,54";"1.558,27";"1.654,05";"1.878,49";"1.992,01"
"05114";"Krefeld, Stadt";"Kreise";"1.303,64";"1.332,65";"1.399,50";"1.436,92";"1.613,47";"1.747,93";"1.903,50";"1.970,02"
"05116";"Mönchengladbach, Stadt";"Kreise";"1.346,40";"1.374,35";"1.434,89";"1.468,58";"1.568,28";"1.686,73";"1.878,40";"1.940,19"
"05117";"Mülheim an der Ruhr, Stadt";"Kreise";"1.509,15";"1.524,98";"1.644,65";"1.663,52";"1.771,66";"1.856,18";"2.058,34";"2.150,09"
"05119";"Oberhausen, Stadt";"Kreise";"1.166,61";"1.212,92";"1.236,39";"1.279,44";"1.393,53";"1.501,71";"1.707,43";"1.742,63"
"05120";"Remscheid, Stadt";"Kreise";"1.458,88";"1.486,38";"1.579,49";"1.600,82";"1.708,71";"1.836,69";"1.907,65";"1.979,70"
"05122";"Solingen, Klingenstadt";"Kreise";"1.436,20";"1.503,86";"1.573,71";"1.607,08";"1.782,91";"1.888,38";"2.020,50";"2.057,58"
"05124";"Wuppertal, Stadt";"Kreise";"1.375,82";"1.417,08";"1.486,42";"1.494,45";"1.601,30";"1.715,46";"1.823,72";"1.892,64"
"05154";"Kleve";"Kreise";"1.242,99";"1.260,20";"1.315,91";"1.354,17";"1.542,21";"1.676,13";"1.862,97";"1.986,10"
"05158";"Mettmann";"Kreise";"1.570,18";"1.608,61";"1.674,30";"1.694,71";"1.912,68";"2.047,95";"2.233,60";"2.339,27"
"05162";"Rhein-Kreis Neuss";"Kreise";"1.500,19";"1.550,47";"1.648,38";"1.679,27";"1.866,47";"2.028,38";"2.212,65";"2.324,89"
"05166";"Viersen";"Kreise";"1.320,04";"1.373,04";"1.466,50";"1.521,18";"1.701,49";"1.859,98";"2.078,06";"2.239,41"
"05170";"Wesel";"Kreise";"1.249,56";"1.301,05";"1.373,51";"1.449,44";"1.624,58";"1.783,54";"2.005,72";"2.141,94"
"05314";"Bonn, Stadt";"Kreise";"1.417,24";"1.426,50";"1.547,90";"1.586,61";"1.779,71";"1.877,21";"2.062,22";"2.234,21"
"05315";"Köln, Stadt";"Kreise";"1.390,35";"1.437,81";"1.535,12";"1.546,13";"1.666,75";"1.827,52";"2.040,32";"2.258,92"
"05316";"Leverkusen, Stadt";"Kreise";"1.337,97";"1.401,14";"1.411,88";"1.450,54";"1.612,24";"1.765,24";"1.959,30";"2.010,78"
"05334";"Städteregion Aachen";"Kreise";"1.245,46";"1.288,32";"1.324,42";"1.356,81";"1.507,08";"1.649,65";"1.844,52";"1.864,32"
"05358";"Düren";"Kreise";"1.211,13";"1.254,27";"1.311,07";"1.378,91";"1.554,40";"1.710,49";"1.934,11";"1.977,39"
"05362";"Rhein-Erft-Kreis";"Kreise";"1.339,58";"1.387,38";"1.433,94";"1.497,02";"1.683,82";"1.824,17";"2.041,22";"2.143,26"
"05366";"Euskirchen";"Kreise";"1.225,77";"1.279,18";"1.329,33";"1.401,35";"1.591,69";"1.766,64";"1.964,46";"2.033,36"
"05370";"Heinsberg";"Kreise";"1.137,43";"1.177,49";"1.248,76";"1.302,32";"1.468,36";"1.658,41";"1.873,85";"1.970,38"
"05374";"Oberbergischer Kreis";"Kreise";"1.336,52";"1.370,57";"1.483,86";"1.534,46";"1.721,59";"1.869,79";"2.018,76";"2.128,84"
"05378";"Rheinisch-Bergischer Kreis";"Kreise";"1.584,23";"1.635,65";"1.709,74";"1.751,02";"1.932,06";"2.116,07";"2.326,20";"2.471,44"
"05382";"Rhein-Sieg-Kreis";"Kreise";"1.413,32";"1.452,49";"1.483,39";"1.541,74";"1.762,91";"1.923,82";"2.150,50";"2.269,91"
"05512";"Bottrop, Stadt";"Kreise";"1.201,01";"1.254,70";"1.309,61";"1.379,36";"1.517,31";"1.633,90";"1.874,57";"1.952,71"
"05513";"Gelsenkirchen, Stadt";"Kreise";"1.115,94";"1.148,34";"1.178,54";"1.202,01";"1.264,93";"1.330,89";"1.499,42";"1.525,57"
"05515";"Münster, Stadt";"Kreise";"1.394,88";"1.429,38";"1.592,85";"1.672,85";"1.687,74";"1.873,28";"2.053,10";"2.273,70"
"05554";"Borken";"Kreise";"1.231,62";"1.263,17";"1.336,43";"1.409,92";"1.611,72";"1.818,20";"2.068,27";"2.210,30"
"05558";"Coesfeld";"Kreise";"1.274,08";"1.322,75";"1.398,02";"1.492,52";"1.710,71";"1.946,03";"2.161,31";"2.286,82"
"05562";"Recklinghausen";"Kreise";"1.201,46";"1.256,25";"1.307,70";"1.360,51";"1.503,60";"1.640,10";"1.863,98";"1.927,33"
"05566";"Steinfurt";"Kreise";"1.215,23";"1.261,88";"1.344,84";"1.412,16";"1.637,06";"1.810,92";"2.025,86";"2.179,02"
"05570";"Warendorf";"Kreise";"1.278,56";"1.312,12";"1.411,96";"1.527,62";"1.748,82";"1.910,68";"2.117,52";"2.250,62"
"05711";"Bielefeld, Stadt";"Kreise";"1.376,62";"1.432,69";"1.493,65";"1.522,52";"1.648,07";"1.775,27";"1.953,23";"2.087,99"
"05754";"Gütersloh";"Kreise";"1.462,00";"1.495,28";"1.602,37";"1.655,62";"1.864,17";"1.991,41";"2.188,75";"2.384,83"
"05758";"Herford";"Kreise";"1.436,55";"1.449,85";"1.520,01";"1.568,60";"1.690,04";"1.840,24";"2.081,74";"2.177,04"
"05762";"Höxter";"Kreise";"1.180,13";"1.215,67";"1.295,82";"1.378,74";"1.589,37";"1.785,04";"2.018,65";"2.179,27"
"05766";"Lippe";"Kreise";"1.335,30";"1.373,57";"1.466,87";"1.568,43";"1.687,23";"1.816,89";"1.974,88";"2.083,29"
"05770";"Minden-Lübbecke";"Kreise";"1.356,84";"1.391,07";"1.439,98";"1.514,01";"1.684,05";"1.839,99";"2.043,34";"2.115,91"
"05774";"Paderborn";"Kreise";"1.197,95";"1.232,61";"1.303,92";"1.386,88";"1.589,40";"1.760,82";"1.969,49";"2.075,71"
"05911";"Bochum, Stadt";"Kreise";"1.242,40";"1.294,44";"1.341,72";"1.370,54";"1.500,19";"1.618,33";"1.793,45";"1.912,22"
"05913";"Dortmund, Stadt";"Kreise";"1.194,70";"1.227,61";"1.281,93";"1.329,09";"1.435,09";"1.551,90";"1.758,32";"1.798,44"
"05914";"Hagen, Stadt der FernUniversität";"Kreise";"1.308,18";"1.349,31";"1.411,91";"1.448,98";"1.512,49";"1.607,14";"1.724,70";"1.784,02"
"05915";"Hamm, Stadt";"Kreise";"1.119,11";"1.142,66";"1.183,18";"1.245,40";"1.376,63";"1.489,05";"1.691,83";"1.774,74"
"05916";"Herne, Stadt";"Kreise";"1.119,41";"1.168,42";"1.193,79";"1.234,12";"1.364,41";"1.451,87";"1.629,85";"1.705,32"
"05954";"Ennepe-Ruhr-Kreis";"Kreise";"1.443,51";"1.511,68";"1.619,75";"1.692,83";"1.826,75";"1.953,90";"2.144,89";"2.322,34"
"05958";"Hochsauerlandkreis";"Kreise";"1.317,54";"1.367,75";"1.478,98";"1.565,38";"1.755,44";"1.970,96";"2.163,83";"2.295,17"
"05962";"Märkischer Kreis";"Kreise";"1.436,53";"1.485,65";"1.629,80";"1.707,01";"1.810,77";"1.983,52";"2.048,42";"2.151,55"
"05966";"Olpe";"Kreise";"1.465,69";"1.557,89";"1.764,87";"1.830,27";"1.971,59";"2.411,86";"2.272,27";"2.448,75"
"05970";"Siegen-Wittgenstein";"Kreise";"1.336,32";"1.385,46";"1.512,77";"1.620,60";"1.762,93";"1.922,02";"2.110,33";"2.237,04"
"05974";"Soest";"Kreise";"1.251,70";"1.280,12";"1.355,97";"1.454,31";"1.690,13";"1.829,66";"2.033,81";"2.185,98"
"05978";"Unna";"Kreise";"1.181,67";"1.249,88";"1.318,92";"1.381,63";"1.578,26";"1.732,63";"1.926,61";"2.015,37"
"06411";"Darmstadt, Wissenschaftsstadt";"Kreise";"1.410,45";"1.481,26";"1.549,36";"1.690,49";"1.732,09";"1.911,89";"2.029,92";"2.115,38"
"06412";"Frankfurt am Main, Stadt";"Kreise";"1.386,44";"1.474,47";"1.540,85";"1.599,74";"1.714,85";"1.879,69";"2.064,07";"2.169,28"
"06413";"Offenbach am Main, Stadt";"Kreise";"1.230,82";"1.254,70";"1.298,42";"1.342,25";"1.438,08";"1.543,14";"1.654,24";"1.718,12"
"06414";"Wiesbaden, Landeshauptstadt";"Kreise";"1.483,03";"1.552,80";"1.610,43";"1.649,74";"1.796,20";"2.014,03";"2.114,27";"2.168,36"
"06431";"Bergstraße";"Kreise";"1.358,10";"1.422,73";"1.517,16";"1.637,19";"1.816,84";"2.003,52";"2.165,54";"2.266,06"
"06432";"Darmstadt-Dieburg";"Kreise";"1.380,12";"1.457,69";"1.531,17";"1.658,35";"1.843,39";"1.995,87";"2.194,28";"2.289,86"
"06433";"Groß-Gerau";"Kreise";"1.337,49";"1.395,53";"1.437,35";"1.518,19";"1.643,96";"1.819,69";"1.891,06";"2.038,13"
"06434";"Hochtaunuskreis";"Kreise";"2.168,82";"2.169,18";"2.175,15";"2.249,82";"2.457,33";"2.628,33";"2.830,51";"2.962,19"
"06435";"Main-Kinzig-Kreis";"Kreise";"1.337,31";"1.415,14";"1.480,28";"1.587,76";"1.806,35";"1.979,53";"2.122,97";"2.290,70"
"06436";"Main-Taunus-Kreis";"Kreise";"1.661,72";"1.776,07";"1.850,27";"1.920,73";"2.108,14";"2.296,64";"2.443,52";"2.576,83"
"06437";"Odenwaldkreis";"Kreise";"1.225,55";"1.286,56";"1.371,19";"1.479,94";"1.646,22";"1.788,77";"1.966,22";"2.122,98"
"06438";"Offenbach";"Kreise";"1.544,13";"1.613,13";"1.639,68";"1.716,72";"1.858,50";"2.007,49";"2.135,87";"2.262,42"
"06439";"Rheingau-Taunus-Kreis";"Kreise";"1.429,83";"1.506,75";"1.557,34";"1.714,21";"1.921,53";"2.077,16";"2.247,67";"2.407,51"
"06440";"Wetteraukreis";"Kreise";"1.388,48";"1.447,90";"1.498,84";"1.613,55";"1.800,80";"1.972,37";"2.159,42";"2.300,73"
"06531";"Gießen";"Kreise";"1.233,03";"1.290,55";"1.361,31";"1.444,26";"1.585,62";"1.722,05";"1.843,17";"2.005,77"
"06532";"Lahn-Dill-Kreis";"Kreise";"1.313,82";"1.387,76";"1.475,85";"1.597,36";"1.732,50";"1.915,36";"1.984,37";"2.097,63"
"06533";"Limburg-Weilburg";"Kreise";"1.235,25";"1.309,14";"1.382,70";"1.523,58";"1.652,19";"1.840,73";"2.024,42";"2.144,79"
"06534";"Marburg-Biedenkopf";"Kreise";"1.154,61";"1.206,15";"1.269,79";"1.387,14";"1.586,04";"1.735,00";"1.899,20";"2.046,17"
"06535";"Vogelsbergkreis";"Kreise";"1.171,90";"1.259,07";"1.333,18";"1.442,12";"1.700,77";"1.763,16";"1.951,41";"2.163,14"
"06611";"Kassel, documenta-Stadt";"Kreise";"1.161,19";"1.227,77";"1.284,59";"1.379,05";"1.482,71";"1.601,27";"1.774,92";"1.898,92"
"06631";"Fulda";"Kreise";"1.219,61";"1.291,98";"1.381,65";"1.488,94";"1.668,66";"1.866,17";"2.024,73";"2.189,74"
"06632";"Hersfeld-Rotenburg";"Kreise";"1.195,98";"1.267,42";"1.328,26";"1.460,10";"1.610,00";"1.779,26";"1.946,57";"2.086,13"
"06633";"Kassel";"Kreise";"1.210,22";"1.303,25";"1.398,35";"1.543,61";"1.711,91";"1.838,37";"2.025,27";"2.205,68"
"06634";"Schwalm-Eder-Kreis";"Kreise";"1.179,05";"1.243,63";"1.323,47";"1.449,51";"1.611,95";"1.780,25";"1.972,81";"2.103,67"
"06635";"Waldeck-Frankenberg";"Kreise";"1.211,60";"1.285,88";"1.370,37";"1.460,43";"1.627,92";"1.839,54";"1.991,58";"2.131,04"
"06636";"Werra-Meißner-Kreis";"Kreise";"1.174,80";"1.231,22";"1.283,46";"1.394,98";"1.539,21";"1.674,36";"1.861,05";"1.999,52"
"07111";"Koblenz, kreisfreie Stadt";"Kreise";"1.369,90";"1.400,98";"1.461,40";"1.569,65";"1.612,44";"1.754,36";"1.893,77";"1.997,44"
"07131";"Ahrweiler";"Kreise";"1.311,62";"1.355,15";"1.470,20";"1.629,72";"1.744,66";"1.921,80";"2.147,59";"2.280,23"
"07132";"Altenkirchen (Westerwald)";"Kreise";"1.216,53";"1.263,23";"1.367,38";"1.504,93";"1.600,37";"1.778,86";"1.958,04";"2.040,53"
"07133";"Bad Kreuznach";"Kreise";"1.311,57";"1.368,07";"1.486,69";"1.576,28";"1.644,56";"1.797,03";"1.964,02";"2.016,17"
"07134";"Birkenfeld";"Kreise";"1.257,32";"1.293,24";"1.417,16";"1.546,49";"1.617,70";"1.755,97";"1.841,77";"1.932,04"
"07135";"Cochem-Zell";"Kreise";"1.233,13";"1.287,58";"1.405,29";"1.587,99";"1.653,67";"1.836,31";"1.971,11";"2.103,01"
"07137";"Mayen-Koblenz";"Kreise";"1.291,47";"1.335,25";"1.452,19";"1.579,39";"1.690,33";"1.817,85";"2.020,18";"2.139,87"
"07138";"Neuwied";"Kreise";"1.346,22";"1.389,61";"1.521,33";"1.668,71";"1.709,98";"1.892,87";"2.024,93";"2.120,46"
"07140";"Rhein-Hunsrück-Kreis";"Kreise";"1.234,69";"1.293,27";"1.421,49";"1.579,14";"1.702,63";"1.908,38";"2.093,29";"2.193,88"
"07141";"Rhein-Lahn-Kreis";"Kreise";"1.324,50";"1.371,71";"1.452,82";"1.590,26";"1.676,23";"1.798,70";"1.968,60";"2.043,36"
"07143";"Westerwaldkreis";"Kreise";"1.337,26";"1.389,97";"1.515,36";"1.692,06";"1.882,52";"1.975,30";"2.129,22";"2.238,25"
"07211";"Trier, kreisfreie Stadt";"Kreise";"1.193,20";"1.249,58";"1.400,04";"1.509,70";"1.541,98";"1.693,31";"1.890,90";"2.162,11"
"07231";"Bernkastel-Wittlich";"Kreise";"1.250,15";"1.316,21";"1.475,67";"1.698,13";"1.708,14";"1.803,80";"2.021,05";"2.159,36"
"07232";"Eifelkreis Bitburg-Prüm";"Kreise";"1.161,57";"1.229,19";"1.344,58";"1.517,16";"1.607,79";"1.768,22";"1.967,21";"2.150,43"
"07233";"Vulkaneifel";"Kreise";"1.194,29";"1.252,62";"1.384,38";"1.520,51";"1.603,42";"1.771,63";"1.977,06";"2.160,66"
"07235";"Trier-Saarburg";"Kreise";"1.210,08";"1.291,04";"1.436,48";"1.584,50";"1.680,34";"1.859,66";"2.075,99";"2.264,28"
"07311";"Frankenthal (Pfalz), kreisfreie Stadt";"Kreise";"1.283,86";"1.324,10";"1.401,76";"1.500,57";"1.666,26";"1.764,57";"1.911,20";"2.041,02"
"07312";"Kaiserslautern, kreisfreie Stadt";"Kreise";"1.203,66";"1.243,92";"1.309,92";"1.382,62";"1.457,33";"1.554,66";"1.735,84";"1.802,83"
"07313";"Landau in der Pfalz, kreisfreie Stadt";"Kreise";"1.345,09";"1.410,88";"1.523,14";"1.619,73";"1.667,07";"1.779,85";"1.935,74";"2.022,33"
"07314";"Ludwigshafen am Rhein, kreisfreie Stadt";"Kreise";"1.187,07";"1.229,42";"1.290,34";"1.392,63";"1.505,01";"1.611,74";"1.771,99";"1.837,75"
"07315";"Mainz, kreisfreie Stadt";"Kreise";"1.428,52";"1.472,57";"1.508,08";"1.616,32";"1.658,40";"1.818,85";"2.000,29";"2.034,66"
"07316";"Neustadt an der Weinstraße, kreisfreie Stadt";"Kreise";"1.500,57";"1.546,23";"1.623,68";"1.795,58";"1.932,84";"2.078,94";"2.310,43";"2.481,04"
"07317";"Pirmasens, kreisfreie Stadt";"Kreise";"1.295,23";"1.322,52";"1.385,94";"1.499,90";"1.504,70";"1.604,89";"1.711,98";"1.821,47"
"07318";"Speyer, kreisfreie Stadt";"Kreise";"1.325,76";"1.393,63";"1.578,76";"1.758,50";"1.793,75";"1.961,06";"2.196,16";"2.358,10"
"07319";"Worms, kreisfreie Stadt";"Kreise";"1.235,77";"1.287,07";"1.369,44";"1.459,58";"1.567,93";"1.683,50";"1.834,23";"1.898,88"
"07320";"Zweibrücken, kreisfreie Stadt";"Kreise";"1.215,99";"1.239,90";"1.322,60";"1.482,61";"1.524,09";"1.669,88";"1.829,87";"1.970,02"
"07331";"Alzey-Worms";"Kreise";"1.299,85";"1.354,85";"1.458,23";"1.577,35";"1.718,66";"1.857,67";"2.039,40";"2.195,54"
"07332";"Bad Dürkheim";"Kreise";"1.424,35";"1.469,98";"1.588,15";"1.768,36";"1.945,60";"2.122,53";"2.374,56";"2.511,03"
"07333";"Donnersbergkreis";"Kreise";"1.182,04";"1.242,80";"1.357,18";"1.492,56";"1.594,04";"1.754,11";"1.983,78";"2.118,55"
"07334";"Germersheim";"Kreise";"1.293,26";"1.350,76";"1.448,42";"1.566,37";"1.687,03";"1.854,78";"2.045,88";"2.139,34"
"07335";"Kaiserslautern";"Kreise";"1.208,62";"1.267,03";"1.346,06";"1.479,17";"1.587,01";"1.744,23";"1.890,63";"2.016,74"
"07336";"Kusel";"Kreise";"1.171,91";"1.216,41";"1.285,53";"1.415,91";"1.539,86";"1.693,54";"1.888,18";"1.984,81"
"07337";"Südliche Weinstraße";"Kreise";"1.338,23";"1.386,90";"1.477,68";"1.617,65";"1.801,29";"1.949,16";"2.178,26";"2.284,66"
"07338";"Rhein-Pfalz-Kreis";"Kreise";"1.465,53";"1.514,44";"1.619,58";"1.780,07";"1.950,34";"2.125,97";"2.361,77";"2.511,10"
"07339";"Mainz-Bingen";"Kreise";"1.551,50";"1.639,44";"1.801,65";"1.937,51";"1.887,93";"2.056,04";"2.257,56";"2.480,02"
"07340";"Südwestpfalz";"Kreise";"1.256,20";"1.305,99";"1.416,12";"1.569,62";"1.674,64";"1.862,87";"2.052,01";"2.282,97"
"08111";"Stuttgart, Stadtkreis";"Kreise";"1.576,47";"1.632,65";"1.760,57";"1.777,60";"1.952,58";"2.130,80";"2.262,32";"2.503,19"
"08115";"Böblingen";"Kreise";"1.504,85";"1.562,17";"1.646,70";"1.701,94";"1.930,05";"2.078,98";"2.259,00";"2.386,99"
"08116";"Esslingen";"Kreise";"1.546,34";"1.603,31";"1.685,14";"1.722,18";"1.948,10";"2.101,73";"2.218,41";"2.340,13"
"08117";"Göppingen";"Kreise";"1.387,54";"1.453,75";"1.540,87";"1.604,74";"1.833,36";"1.975,99";"2.255,16";"2.410,22"
"08118";"Ludwigsburg";"Kreise";"1.560,26";"1.615,48";"1.695,93";"1.725,64";"1.949,65";"2.128,76";"2.242,89";"2.432,87"
"08119";"Rems-Murr-Kreis";"Kreise";"1.482,62";"1.547,71";"1.640,40";"1.705,65";"1.910,82";"2.067,03";"2.194,87";"2.274,19"
"08121";"Heilbronn, Stadtkreis";"Kreise";"1.427,24";"1.542,39";"1.978,82";"2.649,62";"2.768,87";"3.437,97";"1.963,25";"2.024,67"
"08125";"Heilbronn";"Kreise";"1.340,47";"1.411,69";"1.519,84";"1.637,03";"1.892,82";"2.048,84";"2.159,39";"2.313,31"
"08126";"Hohenlohekreis";"Kreise";"1.352,19";"1.428,74";"1.572,58";"1.638,16";"1.816,69";"2.029,07";"2.142,09";"2.241,99"
"08127";"Schwäbisch Hall";"Kreise";"1.235,78";"1.302,74";"1.389,23";"1.516,02";"1.766,78";"1.947,59";"2.107,82";"2.258,43"
"08128";"Main-Tauber-Kreis";"Kreise";"1.258,86";"1.302,31";"1.381,38";"1.494,61";"1.714,51";"1.893,43";"2.066,18";"2.200,21"
"08135";"Heidenheim";"Kreise";"1.306,24";"1.376,26";"1.469,04";"1.565,07";"1.740,92";"1.872,53";"2.036,18";"2.110,10"
"08136";"Ostalbkreis";"Kreise";"1.299,65";"1.372,97";"1.484,68";"1.594,80";"1.825,31";"1.999,93";"2.178,33";"2.308,22"
"08211";"Baden-Baden, Stadtkreis";"Kreise";"2.050,30";"1.941,60";"2.019,34";"2.110,98";"2.340,59";"2.378,52";"2.505,06";"2.657,54"
"08212";"Karlsruhe, Stadtkreis";"Kreise";"1.422,08";"1.487,80";"1.588,54";"1.603,36";"1.729,47";"1.837,54";"2.028,46";"2.182,23"
"08215";"Karlsruhe";"Kreise";"1.388,98";"1.457,65";"1.545,63";"1.620,53";"1.828,11";"1.984,37";"2.165,38";"2.257,90"
"08216";"Rastatt";"Kreise";"1.312,53";"1.395,80";"1.483,08";"1.551,82";"1.767,65";"1.929,88";"2.072,37";"2.196,48"
"08221";"Heidelberg, Stadtkreis";"Kreise";"1.525,88";"1.552,32";"1.672,78";"1.720,94";"1.961,18";"1.923,81";"2.048,77";"2.269,39"
"08222";"Mannheim, Stadtkreis";"Kreise";"1.208,09";"1.286,16";"1.370,97";"1.405,41";"1.621,21";"1.792,05";"1.953,43";"2.088,75"
"08225";"Neckar-Odenwald-Kreis";"Kreise";"1.180,02";"1.254,66";"1.323,73";"1.429,94";"1.677,77";"1.831,34";"2.014,17";"2.098,73"
"08226";"Rhein-Neckar-Kreis";"Kreise";"1.429,64";"1.492,96";"1.586,55";"1.670,93";"1.879,28";"2.036,22";"2.258,55";"2.357,52"
"08231";"Pforzheim, Stadtkreis";"Kreise";"1.534,14";"1.561,78";"1.558,72";"1.581,33";"1.783,94";"1.866,13";"1.888,72";"1.884,09"
"08235";"Calw";"Kreise";"1.361,53";"1.414,95";"1.486,32";"1.576,46";"1.802,37";"1.954,92";"2.099,57";"2.217,75"
"08236";"Enzkreis";"Kreise";"1.462,77";"1.538,55";"1.634,34";"1.717,36";"1.917,20";"2.126,43";"2.213,74";"2.354,98"
"08237";"Freudenstadt";"Kreise";"1.350,68";"1.422,47";"1.531,46";"1.616,31";"1.794,40";"2.026,23";"2.137,47";"2.224,71"
"08311";"Freiburg im Breisgau, Stadtkreis";"Kreise";"1.251,74";"1.299,54";"1.382,48";"1.429,04";"1.637,60";"1.815,86";"1.976,77";"2.098,61"
"08315";"Breisgau-Hochschwarzwald";"Kreise";"1.341,25";"1.415,59";"1.537,44";"1.622,78";"1.854,05";"2.023,71";"2.194,32";"2.296,14"
"08316";"Emmendingen";"Kreise";"1.292,09";"1.368,23";"1.442,43";"1.527,29";"1.745,85";"1.920,37";"2.114,33";"2.241,47"
"08317";"Ortenaukreis";"Kreise";"1.318,12";"1.375,01";"1.489,85";"1.543,22";"1.755,89";"1.926,19";"2.098,90";"2.200,33"
"08325";"Rottweil";"Kreise";"1.363,29";"1.450,84";"1.555,72";"1.622,69";"1.878,83";"2.065,65";"2.192,48";"2.324,40"
"08326";"Schwarzwald-Baar-Kreis";"Kreise";"1.404,60";"1.455,43";"1.579,24";"1.667,70";"1.840,52";"2.038,05";"2.095,42";"2.232,48"
"08327";"Tuttlingen";"Kreise";"1.415,06";"1.497,79";"1.618,16";"1.711,63";"1.932,42";"2.141,11";"2.229,69";"2.360,45"
"08335";"Konstanz";"Kreise";"1.289,52";"1.363,46";"1.470,65";"1.559,44";"1.834,86";"2.052,36";"2.186,90";"2.311,89"
"08336";"Lörrach";"Kreise";"1.322,59";"1.402,35";"1.494,77";"1.637,72";"1.954,60";"2.197,79";"2.348,78";"2.410,80"
"08337";"Waldshut";"Kreise";"1.304,99";"1.375,84";"1.430,59";"1.549,73";"1.858,73";"2.035,36";"2.183,24";"2.307,62"
"08415";"Reutlingen";"Kreise";"1.413,62";"1.495,24";"1.586,86";"1.648,40";"1.856,84";"2.026,07";"2.147,42";"2.262,03"
"08416";"Tübingen";"Kreise";"1.297,49";"1.365,63";"1.477,65";"1.513,39";"1.747,63";"1.932,28";"2.084,26";"2.207,65"
"08417";"Zollernalbkreis";"Kreise";"1.477,86";"1.509,61";"1.575,10";"1.694,23";"1.922,04";"2.089,41";"2.219,54";"2.331,88"
"08421";"Ulm, Stadtkreis";"Kreise";"1.458,32";"1.534,25";"1.694,26";"1.758,71";"2.044,21";"2.310,12";"2.335,41";"2.518,15"
"08425";"Alb-Donau-Kreis";"Kreise";"1.382,57";"1.420,25";"1.463,89";"1.560,34";"1.775,23";"1.941,12";"2.111,09";"2.235,50"
"08426";"Biberach";"Kreise";"1.283,73";"1.355,54";"1.430,06";"1.555,56";"1.792,18";"1.984,49";"2.159,66";"2.271,70"
"08435";"Bodenseekreis";"Kreise";"1.375,23";"1.457,82";"1.592,65";"1.692,59";"1.985,23";"2.159,91";"2.319,54";"2.466,30"
"08436";"Ravensburg";"Kreise";"1.311,01";"1.382,01";"1.489,55";"1.569,23";"1.788,43";"1.974,09";"2.162,99";"2.311,33"
"08437";"Sigmaringen";"Kreise";"1.179,14";"1.249,11";"1.361,63";"1.481,65";"1.695,15";"1.880,31";"2.039,59";"2.149,00"
"09161";"Ingolstadt";"Kreise";"1.347,43";"1.407,44";"1.491,94";"1.580,07";"1.826,07";"1.944,35";"2.103,96";"2.214,64"
"09162";"München, Landeshauptstadt";"Kreise";"1.857,36";"1.906,62";"2.009,63";"1.976,24";"2.165,94";"2.533,13";"2.798,93";"2.974,61"
"09163";"Rosenheim, Stadt";"Kreise";"1.426,98";"1.508,51";"1.738,81";"1.668,85";"1.793,36";"1.875,45";"2.039,06";"2.158,10"
"09171";"Altötting";"Kreise";"1.254,66";"1.319,73";"1.444,47";"1.568,12";"1.781,04";"1.910,38";"2.090,03";"2.232,52"
"09172";"Berchtesgadener Land";"Kreise";"1.320,90";"1.362,79";"1.423,07";"1.524,64";"1.757,39";"1.906,70";"2.080,86";"2.288,31"
"09173";"Bad Tölz-Wolfratshausen";"Kreise";"1.652,99";"1.684,19";"1.758,38";"1.828,04";"2.066,87";"2.163,97";"2.353,12";"2.504,40"
"09174";"Dachau";"Kreise";"1.519,73";"1.594,39";"1.665,47";"1.730,58";"1.912,66";"2.093,17";"2.299,93";"2.534,70"
"09175";"Ebersberg";"Kreise";"1.704,11";"1.748,22";"1.841,32";"1.882,61";"2.098,63";"2.273,50";"2.462,48";"2.678,57"
"09176";"Eichstätt";"Kreise";"1.279,67";"1.332,28";"1.440,87";"1.563,07";"1.865,35";"1.974,03";"2.160,71";"2.302,94"
"09177";"Erding";"Kreise";"1.358,97";"1.447,80";"1.550,38";"1.638,40";"1.890,01";"2.068,74";"2.239,69";"2.438,57"
"09178";"Freising";"Kreise";"1.441,67";"1.495,79";"1.564,42";"1.617,20";"1.829,56";"1.984,22";"2.174,70";"2.322,33"
"09179";"Fürstenfeldbruck";"Kreise";"1.615,61";"1.659,74";"1.741,95";"1.801,30";"1.996,18";"2.135,22";"2.376,39";"2.565,29"
"09180";"Garmisch-Partenkirchen";"Kreise";"1.431,26";"1.476,14";"1.587,70";"1.711,94";"1.863,67";"2.074,84";"2.263,61";"2.409,53"
"09181";"Landsberg am Lech";"Kreise";"1.580,21";"1.553,23";"1.597,82";"1.686,22";"1.915,76";"2.141,54";"2.304,85";"2.516,54"
"09182";"Miesbach";"Kreise";"1.750,51";"1.756,12";"1.898,41";"1.976,25";"2.309,18";"2.797,90";"2.981,70";"3.355,23"
"09183";"Mühldorf a.Inn";"Kreise";"1.323,24";"1.365,91";"1.471,55";"1.565,23";"1.813,68";"1.942,85";"2.117,50";"2.238,90"
"09184";"München";"Kreise";"1.951,55";"1.989,26";"2.144,23";"2.195,64";"2.400,78";"2.541,30";"2.814,41";"3.010,06"
"09185";"Neuburg-Schrobenhausen";"Kreise";"1.266,78";"1.332,53";"1.440,29";"1.540,58";"1.758,54";"1.958,99";"2.103,27";"2.282,35"
"09186";"Pfaffenhofen a.d.Ilm";"Kreise";"1.382,56";"1.474,62";"1.569,48";"1.680,76";"1.903,31";"2.122,22";"2.251,78";"2.445,52"
"09187";"Rosenheim";"Kreise";"1.413,00";"1.461,85";"1.648,95";"1.739,17";"1.928,24";"2.084,13";"2.298,72";"2.558,25"
"09188";"Starnberg";"Kreise";"2.366,47";"2.305,64";"2.444,15";"2.509,97";"2.740,54";"3.033,03";"3.145,90";"3.332,92"
"09189";"Traunstein";"Kreise";"1.321,78";"1.395,12";"1.492,57";"1.612,84";"1.854,42";"2.034,63";"2.203,78";"2.486,38"
"09190";"Weilheim-Schongau";"Kreise";"1.387,81";"1.442,22";"1.572,97";"1.670,46";"1.848,62";"2.089,69";"2.250,98";"2.418,59"
"09261";"Landshut, Stadt";"Kreise";"1.532,44";"1.550,48";"1.628,27";"1.698,28";"2.041,25";"2.054,61";"2.239,17";"2.545,85"
"09262";"Passau, Stadt";"Kreise";"1.331,62";"1.402,65";"1.458,94";"1.441,10";"1.652,23";"1.757,67";"1.884,60";"2.020,11"
"09263";"Straubing";"Kreise";"1.343,82";"1.407,61";"1.537,90";"1.585,96";"1.706,96";"1.970,56";"1.978,15";"2.149,00"
"09271";"Deggendorf";"Kreise";"1.188,52";"1.243,94";"1.343,27";"1.454,94";"1.672,28";"1.935,59";"2.107,44";"2.283,20"
"09272";"Freyung-Grafenau";"Kreise";"1.061,02";"1.120,22";"1.216,14";"1.321,49";"1.543,33";"1.757,13";"1.942,52";"2.102,90"
"09273";"Kelheim";"Kreise";"1.260,66";"1.328,22";"1.451,09";"1.562,27";"1.763,10";"1.924,14";"2.118,15";"2.279,74"
"09274";"Landshut";"Kreise";"1.241,86";"1.316,53";"1.449,47";"1.587,46";"1.821,02";"1.987,96";"2.145,71";"2.358,15"
"09275";"Passau";"Kreise";"1.148,56";"1.201,39";"1.314,80";"1.417,29";"1.636,47";"1.821,02";"1.980,97";"2.151,39"
"09276";"Regen";"Kreise";"1.080,73";"1.144,91";"1.228,94";"1.345,16";"1.578,38";"1.755,58";"1.981,72";"2.123,84"
"09277";"Rottal-Inn";"Kreise";"1.201,47";"1.255,38";"1.383,97";"1.490,67";"1.709,26";"1.912,10";"2.101,02";"2.328,74"
"09278";"Straubing-Bogen";"Kreise";"1.144,03";"1.203,94";"1.336,26";"1.437,60";"1.694,95";"1.935,91";"2.076,08";"2.241,25"
"09279";"Dingolfing-Landau";"Kreise";"1.267,74";"1.326,26";"1.435,48";"1.542,96";"1.799,18";"1.989,12";"2.127,79";"2.263,24"
"09361";"Amberg";"Kreise";"1.310,11";"1.333,82";"1.434,15";"1.516,88";"1.695,44";"1.821,40";"1.962,29";"2.059,98"
"09362";"Regensburg, Stadt";"Kreise";"1.474,66";"1.515,94";"1.573,18";"1.610,98";"1.730,23";"1.856,18";"2.094,36";"2.299,26"
"09363";"Weiden i.d.OPf.";"Kreise";"1.389,78";"1.434,16";"1.453,03";"1.488,36";"1.633,66";"1.780,44";"1.993,50";"2.120,31"
"09371";"Amberg-Sulzbach";"Kreise";"1.128,86";"1.202,61";"1.297,99";"1.394,99";"1.662,62";"1.869,00";"2.069,26";"2.215,54"
"09372";"Cham";"Kreise";"1.112,09";"1.167,56";"1.276,19";"1.401,49";"1.625,85";"1.834,67";"2.066,10";"2.256,85"
"09373";"Neumarkt i.d.OPf.";"Kreise";"1.267,41";"1.342,54";"1.426,77";"1.526,58";"1.776,88";"1.991,54";"2.156,05";"2.310,71"
"09374";"Neustadt a.d.Waldnaab";"Kreise";"1.243,96";"1.290,92";"1.333,30";"1.383,24";"1.598,15";"1.796,71";"1.988,40";"2.115,44"
"09375";"Regensburg";"Kreise";"1.293,16";"1.389,99";"1.464,09";"1.556,34";"1.780,80";"1.980,58";"2.159,37";"2.359,99"
"09376";"Schwandorf";"Kreise";"1.184,03";"1.235,59";"1.324,67";"1.430,50";"1.655,61";"1.806,70";"2.006,44";"2.170,77"
"09377";"Tirschenreuth";"Kreise";"1.149,51";"1.194,89";"1.281,29";"1.422,33";"1.611,89";"1.833,76";"2.042,90";"2.176,36"
"09461";"Bamberg, Stadt";"Kreise";"1.421,71";"1.424,98";"1.475,85";"1.536,20";"1.665,98";"1.800,52";"1.978,13";"2.187,63"
"09462";"Bayreuth, Stadt";"Kreise";"1.300,38";"1.363,97";"1.491,50";"1.560,69";"1.656,13";"1.714,80";"1.910,82";"2.052,37"
"09463";"Coburg, Stadt";"Kreise";"1.464,93";"1.516,17";"1.660,02";"1.743,51";"1.899,34";"2.026,79";"2.236,97";"2.392,74"
"09464";"Hof, Stadt";"Kreise";"1.255,62";"1.297,14";"1.360,73";"1.431,32";"1.586,36";"1.652,99";"1.851,85";"1.908,27"
"09471";"Bamberg";"Kreise";"1.194,65";"1.272,48";"1.380,53";"1.525,54";"1.733,50";"1.864,89";"2.068,86";"2.228,21"
"09472";"Bayreuth";"Kreise";"1.173,99";"1.243,43";"1.343,35";"1.479,49";"1.640,79";"1.837,23";"2.054,22";"2.213,34"
"09473";"Coburg";"Kreise";"1.438,61";"1.449,19";"1.555,13";"1.712,71";"2.045,24";"2.084,94";"2.193,70";"2.406,84"
"09474";"Forchheim";"Kreise";"1.353,90";"1.432,42";"1.484,04";"1.593,70";"1.806,53";"1.987,40";"2.193,89";"2.374,64"
"09475";"Hof";"Kreise";"1.429,02";"1.445,73";"1.439,63";"1.482,11";"1.651,57";"1.806,47";"1.988,95";"2.140,51"
"09476";"Kronach";"Kreise";"1.329,25";"1.403,19";"1.560,50";"1.678,49";"1.707,06";"1.868,68";"2.070,47";"2.245,73"
"09477";"Kulmbach";"Kreise";"1.326,08";"1.380,95";"1.433,04";"1.514,90";"1.748,09";"1.914,87";"2.106,41";"2.247,58"
"09478";"Lichtenfels";"Kreise";"1.283,05";"1.316,61";"1.368,66";"1.480,80";"1.646,00";"1.883,80";"2.010,84";"2.127,38"
"09479";"Wunsiedel i.Fichtelgebirge";"Kreise";"1.231,39";"1.285,35";"1.381,42";"1.529,30";"1.719,44";"1.857,45";"2.189,24";"2.372,36"
"09561";"Ansbach, Stadt";"Kreise";"1.445,99";"1.460,27";"1.480,40";"1.487,87";"1.652,55";"1.771,41";"1.924,33";"2.129,42"
"09562";"Erlangen";"Kreise";"1.525,10";"1.589,58";"1.629,87";"1.696,93";"1.929,04";"2.042,99";"2.187,15";"2.297,01"
"09563";"Fürth, Stadt";"Kreise";"1.524,33";"1.640,37";"1.754,27";"1.758,18";"1.899,85";"1.956,17";"2.030,16";"2.117,98"
"09564";"Nürnberg";"Kreise";"1.444,94";"1.477,78";"1.517,97";"1.579,16";"1.716,00";"1.844,54";"1.992,20";"2.046,90"
"09565";"Schwabach";"Kreise";"1.522,45";"1.574,15";"1.617,66";"1.740,47";"1.956,99";"2.136,94";"2.306,68";"2.495,31"
"09571";"Ansbach";"Kreise";"1.195,87";"1.263,76";"1.355,44";"1.517,48";"1.742,62";"1.952,55";"2.107,81";"2.284,57"
"09572";"Erlangen-Höchstadt";"Kreise";"1.562,91";"1.600,12";"1.820,62";"1.822,92";"1.960,56";"2.133,69";"2.392,30";"2.581,77"
"09573";"Fürth";"Kreise";"1.500,80";"1.552,15";"1.642,51";"1.706,50";"1.890,78";"2.097,28";"2.268,83";"2.457,82"
"09574";"Nürnberger Land";"Kreise";"1.565,88";"1.614,56";"1.713,09";"1.798,10";"1.957,66";"2.101,90";"2.266,06";"2.456,30"
"09575";"Neustadt a.d.Aisch-Bad Windsheim";"Kreise";"1.213,34";"1.293,18";"1.382,60";"1.505,23";"1.713,92";"1.900,71";"2.055,33";"2.252,09"
"09576";"Roth";"Kreise";"1.362,00";"1.435,40";"1.507,45";"1.626,47";"1.824,26";"2.024,86";"2.216,86";"2.383,96"
"09577";"Weißenburg-Gunzenhausen";"Kreise";"1.267,85";"1.327,36";"1.382,24";"1.506,07";"1.738,90";"1.873,46";"2.013,98";"2.188,79"
"09661";"Aschaffenburg, Stadt";"Kreise";"1.415,21";"1.476,70";"1.626,74";"1.676,87";"1.857,35";"2.049,41";"2.101,30";"2.209,65"
"09662";"Schweinfurt, Stadt";"Kreise";"1.328,73";"1.381,91";"1.367,63";"1.448,50";"1.615,87";"1.727,13";"1.927,34";"2.040,63"
"09663";"Würzburg, Stadt";"Kreise";"1.397,13";"1.422,83";"1.524,37";"1.606,82";"1.848,76";"2.071,57";"2.058,37";"2.100,25"
"09671";"Aschaffenburg";"Kreise";"1.420,14";"1.485,84";"1.580,17";"1.667,87";"1.845,40";"1.994,97";"2.173,34";"2.372,75"
"09672";"Bad Kissingen";"Kreise";"1.215,98";"1.286,84";"1.371,49";"1.472,00";"1.692,41";"1.869,88";"2.095,61";"2.258,06"
"09673";"Rhön-Grabfeld";"Kreise";"1.177,55";"1.238,76";"1.327,08";"1.427,53";"1.652,49";"1.865,73";"2.066,13";"2.224,56"
"09674";"Haßberge";"Kreise";"1.183,86";"1.225,01";"1.309,37";"1.407,13";"1.609,77";"1.810,50";"2.016,99";"2.190,23"
"09675";"Kitzingen";"Kreise";"1.263,88";"1.368,30";"1.519,75";"1.544,31";"1.747,96";"1.935,44";"2.116,67";"2.328,42"
"09676";"Miltenberg";"Kreise";"1.332,39";"1.391,90";"1.469,62";"1.563,48";"1.715,60";"1.909,84";"2.081,68";"2.265,62"
"09677";"Main-Spessart";"Kreise";"1.297,37";"1.356,28";"1.420,12";"1.524,49";"1.726,61";"1.923,11";"2.106,60";"2.263,99"
"09678";"Schweinfurt";"Kreise";"1.234,21";"1.303,55";"1.358,72";"1.500,01";"1.691,07";"1.878,45";"2.036,67";"2.202,70"
"09679";"Würzburg";"Kreise";"1.262,87";"1.338,33";"1.439,95";"1.545,61";"1.759,83";"1.944,54";"2.126,49";"2.324,88"
"09761";"Augsburg, Stadt";"Kreise";"1.305,79";"1.335,55";"1.373,83";"1.422,88";"1.548,16";"1.656,29";"1.834,40";"1.935,22"
"09762";"Kaufbeuren";"Kreise";"1.390,07";"1.431,02";"1.514,19";"1.583,34";"1.744,46";"1.907,30";"2.008,27";"2.120,93"
"09763";"Kempten (Allgäu)";"Kreise";"1.458,17";"1.521,21";"1.608,11";"1.657,34";"1.747,85";"1.828,75";"2.010,23";"2.262,57"
"09764";"Memmingen";"Kreise";"1.453,69";"1.545,47";"1.684,51";"1.769,06";"2.018,22";"2.275,87";"2.188,98";"2.413,55"
"09771";"Aichach-Friedberg";"Kreise";"1.485,55";"1.531,04";"1.602,21";"1.689,74";"1.921,06";"2.149,58";"2.368,09";"2.568,72"
"09772";"Augsburg";"Kreise";"1.450,85";"1.483,61";"1.568,38";"1.668,43";"1.873,84";"2.085,00";"2.218,60";"2.369,13"
"09773";"Dillingen a.d.Donau";"Kreise";"1.319,89";"1.408,72";"1.513,17";"1.593,57";"1.799,48";"2.008,04";"2.162,30";"2.358,11"
"09774";"Günzburg";"Kreise";"1.281,05";"1.360,94";"1.476,34";"1.670,01";"1.818,98";"1.998,05";"2.221,41";"2.417,52"
"09775";"Neu-Ulm";"Kreise";"1.357,91";"1.434,90";"1.548,90";"1.644,79";"1.810,71";"1.998,65";"2.155,49";"2.264,83"
"09776";"Lindau (Bodensee)";"Kreise";"1.378,55";"1.437,25";"1.570,93";"1.646,72";"1.913,50";"2.151,94";"2.228,70";"2.405,31"
"09777";"Ostallgäu";"Kreise";"1.260,90";"1.335,39";"1.460,04";"1.585,79";"1.823,04";"1.982,34";"2.147,34";"2.382,45"
"09778";"Unterallgäu";"Kreise";"1.347,67";"1.402,85";"1.569,36";"1.685,26";"1.927,92";"2.053,56";"2.219,58";"2.490,99"
"09779";"Donau-Ries";"Kreise";"1.284,25";"1.368,85";"1.532,33";"1.641,01";"1.848,17";"2.019,11";"2.320,14";"2.549,18"
"09780";"Oberallgäu";"Kreise";"1.315,26";"1.384,19";"1.494,55";"1.633,06";"1.834,13";"2.037,27";"2.215,02";"2.467,18"
"10041";"Regionalverband Saarbrücken";"Kreise";"1.186,21";"1.233,66";"1.336,69";"1.391,16";"1.499,82";"1.629,08";"1.800,21";"1.874,04"
"10042";"Merzig-Wadern";"Kreise";"1.154,06";"1.224,73";"1.323,50";"1.281,60";"1.421,60";"1.575,86";"1.722,87";"1.727,35"
"10043";"Neunkirchen";"Kreise";"1.170,88";"1.234,36";"1.305,61";"1.386,47";"1.525,24";"1.672,31";"1.863,26";"1.923,24"
"10044";"Saarlouis";"Kreise";"1.173,34";"1.223,00";"1.309,13";"1.384,58";"1.579,10";"1.736,21";"1.928,94";"1.927,86"
"10045";"Saarpfalz-Kreis";"Kreise";"1.260,95";"1.316,11";"1.422,64";"1.514,62";"1.706,59";"1.924,34";"2.093,59";"2.161,62"
"10046";"St. Wendel";"Kreise";"1.438,40";"1.562,23";"1.720,91";"1.799,69";"1.921,66";"1.797,46";"2.064,44";"2.149,88"
"11000";"Berlin, Stadt";"Kreise";"1.232,53";"1.244,25";"1.281,55";"1.373,46";"1.512,75";"1.687,11";"1.888,12";"2.041,89"
"12051";"Brandenburg an der Havel, Stadt";"Kreise";"1.062,76";"1.120,97";"1.151,38";"1.261,40";"1.356,87";"1.529,34";"1.716,61";"1.757,38"
"12052";"Cottbus, Stadt";"Kreise";"1.085,26";"1.161,15";"1.203,60";"1.314,43";"1.439,03";"1.550,49";"1.795,15";"1.963,03"
"12053";"Frankfurt (Oder), Stadt";"Kreise";"1.025,72";"1.087,16";"1.136,08";"1.236,29";"1.327,89";"1.481,39";"1.698,13";"1.780,40"
"12054";"Potsdam, Stadt";"Kreise";"1.135,54";"1.216,83";"1.309,48";"1.438,29";"1.538,75";"1.791,67";"1.915,98";"2.016,21"
"12060";"Barnim";"Kreise";"1.121,43";"1.199,38";"1.253,01";"1.394,65";"1.533,36";"1.708,77";"1.933,74";"2.024,78"
"12061";"Dahme-Spreewald";"Kreise";"1.188,25";"1.256,80";"1.305,39";"1.446,69";"1.560,89";"1.759,82";"1.941,34";"2.069,82"
"12062";"Elbe-Elster";"Kreise";"1.027,52";"1.086,98";"1.149,24";"1.267,90";"1.399,72";"1.571,65";"1.790,14";"1.907,11"
"12063";"Havelland";"Kreise";"1.127,82";"1.181,80";"1.241,58";"1.398,95";"1.520,09";"1.704,47";"1.915,63";"2.002,09"
"12064";"Märkisch-Oderland";"Kreise";"1.121,25";"1.182,75";"1.234,64";"1.361,96";"1.500,13";"1.705,12";"1.925,57";"2.060,59"
"12065";"Oberhavel";"Kreise";"1.162,53";"1.242,92";"1.294,00";"1.413,87";"1.541,02";"1.753,87";"1.981,08";"2.093,21"
"12066";"Oberspreewald-Lausitz";"Kreise";"1.042,38";"1.115,34";"1.169,78";"1.290,77";"1.432,67";"1.620,62";"1.854,57";"1.918,23"
"12067";"Oder-Spree";"Kreise";"1.059,64";"1.130,15";"1.220,45";"1.347,21";"1.497,93";"1.686,43";"1.913,64";"2.018,42"
"12068";"Ostprignitz-Ruppin";"Kreise";"1.013,81";"1.072,29";"1.132,69";"1.254,69";"1.394,92";"1.582,05";"1.794,66";"1.907,37"
"12069";"Potsdam-Mittelmark";"Kreise";"1.209,03";"1.268,32";"1.380,49";"1.542,74";"1.677,82";"1.902,28";"2.105,52";"2.252,35"
"12070";"Prignitz";"Kreise";"1.012,49";"1.077,93";"1.165,88";"1.283,38";"1.430,55";"1.594,99";"1.813,07";"1.918,98"
"12071";"Spree-Neiße";"Kreise";"1.049,31";"1.107,98";"1.185,23";"1.320,28";"1.462,80";"1.661,35";"1.908,79";"2.041,50"
"12072";"Teltow-Fläming";"Kreise";"1.109,19";"1.188,40";"1.304,47";"1.436,73";"1.532,64";"1.690,29";"1.905,96";"1.995,75"
"12073";"Uckermark";"Kreise";"994,96";"1.053,03";"1.095,43";"1.211,32";"1.366,65";"1.520,07";"1.766,10";"1.861,72"
"13003";"Rostock";"Kreise";"1.074,46";"1.143,78";"1.167,38";"1.274,21";"1.363,07";"1.536,55";"1.752,15";"1.882,71"
"13004";"Schwerin";"Kreise";"1.107,57";"1.180,23";"1.208,35";"1.302,49";"1.446,90";"1.590,66";"1.812,38";"1.864,84"
"13071";"Mecklenburgische Seenplatte";"Kreise";"1.013,51";"1.099,51";"1.169,67";"1.260,19";"1.386,15";"1.574,76";"1.828,14";"2.047,12"
"13072";"Landkreis Rostock";"Kreise";"1.016,66";"1.102,56";"1.176,71";"1.320,69";"1.482,54";"1.672,36";"1.931,67";"2.095,04"
"13073";"Vorpommern-Rügen";"Kreise";"1.007,84";"1.081,79";"1.138,60";"1.264,58";"1.393,75";"1.600,38";"1.822,73";"2.051,70"
"13074";"Nordwestmecklenburg";"Kreise";"1.023,62";"1.101,06";"1.156,69";"1.274,08";"1.427,18";"1.620,26";"1.835,75";"1.997,52"
"13075";"Vorpommern-Greifswald";"Kreise";"985,78";"1.055,79";"1.099,35";"1.209,16";"1.319,21";"1.514,20";"1.741,96";"1.945,53"
"13076";"Ludwigslust-Parchim";"Kreise";"1.049,20";"1.137,18";"1.212,85";"1.343,63";"1.491,14";"1.671,02";"1.909,26";"2.108,80"
"14511";"Chemnitz, Stadt";"Kreise";"1.155,46";"1.234,94";"1.286,89";"1.410,99";"1.526,31";"1.644,66";"1.831,07";"1.932,23"
"14521";"Erzgebirgskreis";"Kreise";"1.063,30";"1.138,15";"1.177,58";"1.307,59";"1.445,25";"1.654,49";"1.854,26";"2.002,14"
"14522";"Mittelsachsen";"Kreise";"1.085,50";"1.164,22";"1.217,28";"1.341,05";"1.483,50";"1.661,14";"1.873,79";"2.012,64"
"14523";"Vogtlandkreis";"Kreise";"1.105,72";"1.183,10";"1.227,08";"1.350,01";"1.483,03";"1.652,55";"1.864,80";"1.977,27"
"14524";"Zwickau";"Kreise";"1.094,67";"1.173,93";"1.222,87";"1.350,80";"1.510,31";"1.693,07";"1.913,47";"2.026,14"
"14612";"Dresden, Stadt";"Kreise";"1.161,29";"1.235,61";"1.282,47";"1.366,83";"1.485,09";"1.634,79";"1.852,20";"1.940,96"
"14625";"Bautzen";"Kreise";"1.066,84";"1.147,15";"1.200,49";"1.343,45";"1.489,25";"1.670,03";"1.908,86";"2.034,75"
"14626";"Görlitz";"Kreise";"1.020,09";"1.093,80";"1.132,94";"1.248,07";"1.386,94";"1.566,97";"1.775,15";"1.904,45"
"14627";"Meißen";"Kreise";"1.079,68";"1.163,33";"1.238,25";"1.377,02";"1.527,27";"1.723,92";"1.948,31";"2.074,08"
"14628";"Sächsische Schweiz-Osterzgebirge";"Kreise";"1.103,63";"1.186,07";"1.247,98";"1.369,84";"1.510,68";"1.696,36";"1.911,21";"2.032,60"
"14713";"Leipzig, Stadt";"Kreise";"1.081,75";"1.145,36";"1.192,31";"1.287,31";"1.427,10";"1.558,65";"1.717,99";"1.804,30"
"14729";"Leipzig";"Kreise";"1.101,37";"1.178,15";"1.251,02";"1.394,44";"1.572,47";"1.763,08";"1.996,60";"2.124,92"
"14730";"Nordsachsen";"Kreise";"1.061,95";"1.140,05";"1.194,76";"1.308,00";"1.468,70";"1.667,01";"1.879,54";"1.982,11"
"15001";"Dessau-Roßlau, Stadt";"Kreise";"1.064,28";"1.144,56";"1.201,08";"1.319,70";"1.455,48";"1.619,90";"1.859,52";"2.011,09"
"15002";"Halle (Saale), Stadt";"Kreise";"1.059,59";"1.121,08";"1.123,75";"1.250,40";"1.333,56";"1.468,91";"1.663,69";"1.814,97"
"15003";"Magdeburg, Landeshauptstadt";"Kreise";"1.070,25";"1.124,56";"1.162,55";"1.288,11";"1.402,89";"1.552,88";"1.756,82";"1.792,11"
"15081";"Altmarkkreis Salzwedel";"Kreise";"1.056,43";"1.106,92";"1.175,09";"1.308,53";"1.502,76";"1.654,80";"1.872,44";"2.022,98"
"15082";"Anhalt-Bitterfeld";"Kreise";"1.015,65";"1.073,19";"1.138,80";"1.272,92";"1.422,28";"1.619,66";"1.853,30";"1.986,90"
"15083";"Börde";"Kreise";"1.080,35";"1.139,12";"1.202,79";"1.352,92";"1.527,95";"1.708,80";"1.911,23";"2.056,64"
"15084";"Burgenlandkreis";"Kreise";"1.045,91";"1.113,89";"1.166,62";"1.293,62";"1.436,56";"1.609,56";"1.827,56";"1.946,12"
"15085";"Harz";"Kreise";"1.044,52";"1.100,26";"1.149,38";"1.285,44";"1.436,99";"1.632,56";"1.847,97";"1.958,32"
"15086";"Jerichower Land";"Kreise";"1.047,45";"1.117,05";"1.220,58";"1.373,23";"1.524,63";"1.697,66";"1.901,10";"2.035,98"
"15087";"Mansfeld-Südharz";"Kreise";"1.027,02";"1.089,99";"1.140,41";"1.261,92";"1.376,75";"1.566,82";"1.792,66";"1.901,71"
"15088";"Saalekreis";"Kreise";"1.045,33";"1.107,77";"1.169,64";"1.334,01";"1.500,33";"1.698,68";"1.908,85";"2.026,14"
"15089";"Salzlandkreis";"Kreise";"1.009,69";"1.060,31";"1.111,27";"1.242,09";"1.384,12";"1.578,27";"1.786,29";"1.904,95"
"15090";"Stendal";"Kreise";"997,22";"1.042,83";"1.100,55";"1.223,03";"1.383,46";"1.570,00";"1.798,13";"1.961,38"
"15091";"Wittenberg";"Kreise";"1.025,06";"1.078,11";"1.156,91";"1.290,99";"1.456,36";"1.667,27";"1.891,71";"2.019,48"
"16051";"Erfurt, Stadt";"Kreise";"1.115,61";"1.172,66";"1.203,93";"1.304,93";"1.436,09";"1.583,91";"1.775,98";"1.837,13"
"16052";"Gera, Stadt";"Kreise";"1.081,62";"1.160,51";"1.217,19";"1.309,20";"1.440,69";"1.597,75";"1.807,52";"1.844,13"
"16053";"Jena, Stadt";"Kreise";"1.101,69";"1.152,90";"1.179,64";"1.301,46";"1.394,04";"1.574,32";"1.803,86";"1.911,51"
"16054";"Suhl, Stadt";"Kreise";"1.122,87";"1.198,98";"1.256,54";"1.360,15";"1.535,07";"1.684,46";"1.919,64";"2.009,14"
"16055";"Weimar, Stadt";"Kreise";"1.070,81";"1.106,34";"1.154,34";"1.251,14";"1.412,33";"1.567,60";"1.749,78";"1.845,33"
"16061";"Eichsfeld";"Kreise";"1.028,66";"1.087,40";"1.138,52";"1.287,30";"1.442,33";"1.649,47";"1.850,37";"1.998,39"
"16062";"Nordhausen";"Kreise";"1.017,18";"1.080,95";"1.131,67";"1.228,42";"1.371,45";"1.539,23";"1.769,84";"1.878,51"
"16063";"Wartburgkreis";"Kreise";"1.106,84";"1.172,73";"1.236,76";"1.353,94";"1.522,10";"1.685,44";"1.868,57";"2.036,10"
"16064";"Unstrut-Hainich-Kreis";"Kreise";"1.029,00";"1.090,98";"1.137,21";"1.252,43";"1.400,95";"1.553,66";"1.787,80";"1.931,05"
"16065";"Kyffhäuserkreis";"Kreise";"980,24";"1.036,64";"1.090,28";"1.206,29";"1.347,56";"1.520,56";"1.733,88";"1.851,25"
"16066";"Schmalkalden-Meiningen";"Kreise";"1.074,22";"1.153,86";"1.213,71";"1.336,17";"1.478,49";"1.655,82";"1.858,26";"2.013,17"
"16067";"Gotha";"Kreise";"1.046,29";"1.120,55";"1.182,17";"1.302,97";"1.438,70";"1.595,43";"1.786,41";"1.864,52"
"16068";"Sömmerda";"Kreise";"1.067,24";"1.121,27";"1.168,89";"1.282,28";"1.428,72";"1.581,25";"1.800,97";"1.949,05"
"16069";"Hildburghausen";"Kreise";"1.103,24";"1.171,18";"1.217,32";"1.354,47";"1.482,66";"1.668,95";"1.882,73";"2.043,84"
"16070";"Ilm-Kreis";"Kreise";"1.051,05";"1.111,80";"1.169,58";"1.312,52";"1.442,26";"1.600,71";"1.788,38";"1.878,30"
"16071";"Weimarer Land";"Kreise";"1.020,95";"1.086,33";"1.153,88";"1.294,32";"1.470,36";"1.615,28";"1.838,80";"1.959,07"
"16072";"Sonneberg";"Kreise";"1.118,82";"1.182,39";"1.237,47";"1.353,18";"1.487,81";"1.657,10";"1.861,69";"1.975,74"
"16073";"Saalfeld-Rudolstadt";"Kreise";"1.055,00";"1.126,63";"1.189,43";"1.318,15";"1.475,94";"1.655,85";"1.870,07";"1.975,60"
"16074";"Saale-Holzland-Kreis";"Kreise";"1.058,20";"1.133,78";"1.209,43";"1.329,73";"1.469,23";"1.650,49";"1.881,37";"1.994,07"
"16075";"Saale-Orla-Kreis";"Kreise";"1.071,77";"1.131,98";"1.195,85";"1.311,61";"1.449,04";"1.620,31";"1.836,84";"1.986,86"
"16076";"Greiz";"Kreise";"1.070,91";"1.140,33";"1.203,35";"1.328,69";"1.475,33";"1.662,72";"1.881,95";"2.032,26"
"16077";"Altenburger Land";"Kreise";"1.057,64";"1.122,47";"1.169,90";"1.266,78";"1.414,40";"1.618,51";"1.863,86";"1.979,92"
